run,file,n_items,cov_JB-all,cov_REAL-agree,cov_LONG,cov_CF,cov_CF-probe,cov_REAL-label
h1/g2res/ifp:dense,h1/g2res/ifp.json,300,0.0,0.499,0.0,0.0,0.0,0.328
h1/g2res/ifp:own,h1/g2res/ifp.json,300,0.0,0.499,0.0,0.0,0.0,0.328
h1/g2res/ifp:global,h1/g2res/ifp.json,300,0.0,0.499,0.0,0.0,0.0,0.328
h1/g2res/ifp:other,h1/g2res/ifp.json,300,0.0,0.499,0.0,0.0,0.0,0.328
h1/g2res/longr8:dense,h1/g2res/longr8.json,61,0.0,0.0,0.384,0.0,0.0,0.0
h1/g2res/longr8:Q:r8,h1/g2res/longr8.json,61,0.0,0.0,0.384,0.0,0.0,0.0
h1/g2res/qall:dense,h1/g2res/qall.json,21,0.0,0.075,0.0,0.0,0.0,0.083
h1/g2res/qall:Q:p8,h1/g2res/qall.json,21,0.0,0.075,0.0,0.0,0.0,0.083
h1/g2res/qall:Q:r8,h1/g2res/qall.json,21,0.0,0.075,0.0,0.0,0.0,0.083
h1/g2res/qall:Q:r4,h1/g2res/qall.json,21,0.0,0.075,0.0,0.0,0.0,0.083
h1/g2res/qall:Q:r48,h1/g2res/qall.json,21,0.0,0.075,0.0,0.0,0.0,0.083
h1/g2res/qe0:Q:r4c,h1/g2res/qe0.json,693,0.0,0.319,0.0,0.272,0.328,0.273
h1/g2res/qe1000:Q:r4c,h1/g2res/qe1000.json,693,0.0,0.319,0.0,0.272,0.328,0.273
h1/g2res/qe1500:Q:r4c,h1/g2res/qe1500.json,1242,0.563,1.0,0.35,0.272,0.328,1.0
h1/g2res/qe500:Q:r4c,h1/g2res/qe500.json,693,0.0,0.319,0.0,0.272,0.328,0.273
h1/g2res/qmain:dense,h1/g2res/qmain.json,1133,0.563,1.0,0.085,0.272,0.328,1.0
h1/g2res/qmain:Q:r8,h1/g2res/qmain.json,1133,0.563,1.0,0.085,0.272,0.328,1.0
h1/g2res/qmain:Q:r4,h1/g2res/qmain.json,1133,0.563,1.0,0.085,0.272,0.328,1.0
h1/g2res/qmain_part1:dense,h1/g2res/qmain_part1.json,1133,0.563,1.0,0.085,0.272,0.328,1.0
h1/g2res/qmain_part1:Q:r8,h1/g2res/qmain_part1.json,1133,0.563,1.0,0.085,0.272,0.328,1.0
h1/g2res/qmain_part1:Q:r4,h1/g2res/qmain_part1.json,1133,0.563,1.0,0.085,0.272,0.328,1.0
h1/g2res/smoke:dense,h1/g2res/smoke.json,8,0.0,0.007,0.0,0.0,0.0,0.005
h1/g2res/smoke:Q:p8,h1/g2res/smoke.json,8,0.0,0.007,0.0,0.0,0.0,0.005
h1/g2res/smoke:Q:r8,h1/g2res/smoke.json,8,0.0,0.007,0.0,0.0,0.0,0.005
h1/g2res/smoke:Q:r4,h1/g2res/smoke.json,8,0.0,0.007,0.0,0.0,0.0,0.005
h1/g2res/smoke:N4-10/qa7,h1/g2res/smoke.json,8,0.0,0.007,0.0,0.0,0.0,0.005
h1/g2res/smoke:D-10/qa7,h1/g2res/smoke.json,8,0.0,0.007,0.0,0.0,0.0,0.005
h1/g2res/smoke:M4-50/qa7,h1/g2res/smoke.json,8,0.0,0.007,0.0,0.0,0.0,0.005
h1/g2res/tap8:dense,h1/g2res/tap8.json,561,0.0,1.0,0.0,0.0,0.0,1.0
h1/g2res/tap8:S:r8,h1/g2res/tap8.json,561,0.0,1.0,0.0,0.0,0.0,1.0
h1/g2res/tap8:P8-25/qa7,h1/g2res/tap8.json,561,0.0,1.0,0.0,0.0,0.0,1.0
h1/res/e1_main:dense,h1/res/e1_main.json,989,0.0,1.0,0.0,0.272,0.328,1.0
h1/res/e1_main:w8a8,h1/res/e1_main.json,989,0.0,1.0,0.0,0.272,0.328,1.0
"h1/res/e1_main:w8a8,gptq8",h1/res/e1_main.json,989,0.0,1.0,0.0,0.272,0.328,1.0
h1/res/e1_main:w16a16,h1/res/e1_main.json,545,0.0,0.985,0.0,0.0,0.0,0.98
"h1/res/e2_main:w8a8,gptq8,map=precmap_w8a8_b8.json",h1/res/e2_main.json,989,0.0,1.0,0.0,0.272,0.328,1.0
"h1/res/e2_main:w8a8,gptq8,map=precmap_w8a8_b16.json",h1/res/e2_main.json,123,0.0,0.452,0.0,0.0,0.0,0.412
"h1/res/e3_all:w8a8,gptq8,qb16",h1/res/e3_all.json,2320,0.563,1.0,1.0,1.0,1.0,1.0
h1/res/e3_all:dense,h1/res/e3_all.json,989,0.0,1.0,0.0,0.272,0.328,1.0
h1/res/e3_dense:dense,h1/res/e3_dense.json,2320,0.563,1.0,1.0,1.0,1.0,1.0
"h1/res/e4_w4a8curve:w4a8,gptq",h1/res/e4_w4a8curve.json,693,0.0,0.319,0.0,0.272,0.328,0.273
"h1/res/e4_w4a8curve:w4a8,gptq,lrot=lora_qat_w4a8_B_s900.pt",h1/res/e4_w4a8curve.json,693,0.0,0.319,0.0,0.272,0.328,0.273
"h1/res/e4_w4a8curve:w4a8,gptq,lrot=lora_qat_w4a8_B_s300.pt",h1/res/e4_w4a8curve.json,693,0.0,0.319,0.0,0.272,0.328,0.273
"h1/res/e4_w4a8curve:w4a8,gptq,lrot=lora_qat_w4a8_B_s600.pt",h1/res/e4_w4a8curve.json,693,0.0,0.319,0.0,0.272,0.328,0.273
"h1/res/e5_w4var:w4a8,gptq,qb16",h1/res/e5_w4var.json,693,0.0,0.319,0.0,0.272,0.328,0.273
"h1/res/e5_w4var:w4a4,gptq,ba16,clip=0.85,map=precmap_w4a4_k48.json,qb16",h1/res/e5_w4var.json,693,0.0,0.319,0.0,0.272,0.328,0.273
h2/preds_bf16,h2/preds/preds_bf16.jsonl,2421,1.0,1.0,1.0,1.0,1.0,1.0
h2/preds_precmap_w4a4_k24,h2/preds/preds_precmap_w4a4_k24.jsonl,2421,1.0,1.0,1.0,1.0,1.0,1.0
h2/preds_precmap_w4a4_k48,h2/preds/preds_precmap_w4a4_k48.jsonl,2421,1.0,1.0,1.0,1.0,1.0,1.0
h2/preds_precmap_w4a4_k48_gptq_w4_w8,h2/preds/preds_precmap_w4a4_k48_gptq_w4_w8.jsonl,2421,1.0,1.0,1.0,1.0,1.0,1.0
h2/preds_precmap_w8a8_b8_gptq_w8,h2/preds/preds_precmap_w8a8_b8_gptq_w8.jsonl,2421,1.0,1.0,1.0,1.0,1.0,1.0
h2/preds_w4a4,h2/preds/preds_w4a4.jsonl,2421,1.0,1.0,1.0,1.0,1.0,1.0
h2/preds_w4a4_codes_gptq_w4,h2/preds/preds_w4a4_codes_gptq_w4.jsonl,2421,1.0,1.0,1.0,1.0,1.0,1.0
h2/preds_w4a4_evt,h2/preds/preds_w4a4_evt.jsonl,2421,1.0,1.0,1.0,1.0,1.0,1.0
h2/preds_w4a8,h2/preds/preds_w4a8.jsonl,2421,1.0,1.0,1.0,1.0,1.0,1.0
h2/preds_w8a8,h2/preds/preds_w8a8.jsonl,2421,1.0,1.0,1.0,1.0,1.0,1.0
h2/preds_w8a8_codes_gptq_w8,h2/preds/preds_w8a8_codes_gptq_w8.jsonl,2421,1.0,1.0,1.0,1.0,1.0,1.0
h3/hobson__bf16__long,h3/preds/hobson__bf16__long.json,123,0.0,0.0,0.35,0.0,0.0,0.0
h3/hobson__nvfp4__long,h3/preds/hobson__nvfp4__long.json,123,0.0,0.0,0.35,0.0,0.0,0.0
h3/v1__bf16__long,h3/preds/v1__bf16__long.json,123,0.0,0.0,0.35,0.0,0.0,0.0
h3/v1__nvfp4__long,h3/preds/v1__nvfp4__long.json,123,0.0,0.0,0.35,0.0,0.0,0.0
h3/v1unm__bf16__real,h3/preds/v1unm__bf16__real.json,100,0.0,0.369,0.0,0.0,0.0,0.347
h4/hob_rev,h4/preds/hob_rev.jsonl,2234,1.0,1.0,0.0,1.0,1.0,1.0
h4/q_hob_w4g64,h4/preds/q_hob_w4g64.jsonl,2003,0.0,1.0,0.0,1.0,1.0,1.0
h4/q_hob_w8a8,h4/preds/q_hob_w8a8.jsonl,2003,0.0,1.0,0.0,1.0,1.0,1.0
h4/q_tt_w4g64,h4/preds/q_tt_w4g64.jsonl,2003,0.0,1.0,0.0,1.0,1.0,1.0
h4/q_tt_w8a8,h4/preds/q_tt_w8a8.jsonl,2003,0.0,1.0,0.0,1.0,1.0,1.0
h4/this-that-model-1.0_mschema,h4/preds/this-that-model-1.0_mschema.jsonl,748,0.0,1.0,1.0,0.0,0.0,1.0
h4/this-that-model-1.0_multi,h4/preds/this-that-model-1.0_multi.jsonl,2421,1.0,1.0,1.0,1.0,1.0,1.0
h5/preds_dense,h5/box/preds_dense.jsonl,2421,1.0,1.0,1.0,1.0,1.0,1.0
h5/preds_had_gptq_w4a4,h5/box/preds_had_gptq_w4a4.jsonl,2421,1.0,1.0,1.0,1.0,1.0,1.0
h5/preds_l1_gptq_k48,h5/box/preds_l1_gptq_k48.jsonl,2421,1.0,1.0,1.0,1.0,1.0,1.0
h5/preds_l1_gptq_w4a4,h5/box/preds_l1_gptq_w4a4.jsonl,2421,1.0,1.0,1.0,1.0,1.0,1.0
h5/preds_l1_gptq_w8a8,h5/box/preds_l1_gptq_w8a8.jsonl,2421,1.0,1.0,1.0,1.0,1.0,1.0
h5/preds_l1_kron_gptq_k48,h5/box/preds_l1_kron_gptq_k48.jsonl,2421,1.0,1.0,1.0,1.0,1.0,1.0
h5/preds_nvfp4_norot_gptq_w4a4,h5/box/preds_nvfp4_norot_gptq_w4a4.jsonl,2421,1.0,1.0,1.0,1.0,1.0,1.0
h5/res/preds_dense,h5/box/res/preds_dense.jsonl,2421,1.0,1.0,1.0,1.0,1.0,1.0
h5/res/preds_fp4_norot_s0,h5/box/res/preds_fp4_norot_s0.jsonl,1369,0.502,0.5,0.501,0.5,0.5,0.515
h5/res/preds_fp4_norot_s1,h5/box/res/preds_fp4_norot_s1.jsonl,1368,0.498,0.5,0.499,0.5,0.5,0.485
h5/res/preds_had_gptq_w4a4,h5/box/res/preds_had_gptq_w4a4.jsonl,2421,1.0,1.0,1.0,1.0,1.0,1.0
h5/res/preds_l1_gptq_k48,h5/box/res/preds_l1_gptq_k48.jsonl,2421,1.0,1.0,1.0,1.0,1.0,1.0
h5/res/preds_l1_gptq_w4a4,h5/box/res/preds_l1_gptq_w4a4.jsonl,2421,1.0,1.0,1.0,1.0,1.0,1.0
h5/res/preds_l1_gptq_w8a8,h5/box/res/preds_l1_gptq_w8a8.jsonl,2421,1.0,1.0,1.0,1.0,1.0,1.0
h5/res/preds_l1_kron_gptq_k48,h5/box/res/preds_l1_kron_gptq_k48.jsonl,2421,1.0,1.0,1.0,1.0,1.0,1.0
h6/ctl_d_s300,h6/preds/ctl_d_s300.jsonl,2234,1.0,1.0,0.0,1.0,1.0,1.0
h6/h2_b8,h6/preds/h2_b8.jsonl,2421,1.0,1.0,1.0,1.0,1.0,1.0
h6/h2_bf16,h6/preds/h2_bf16.jsonl,2421,1.0,1.0,1.0,1.0,1.0,1.0
h6/h2_k48,h6/preds/h2_k48.jsonl,2421,1.0,1.0,1.0,1.0,1.0,1.0
h6/h2_w4a4g,h6/preds/h2_w4a4g.jsonl,2421,1.0,1.0,1.0,1.0,1.0,1.0
h6/plainq8_k48_ba16,h6/preds/plainq8_k48_ba16.jsonl,2234,1.0,1.0,0.0,1.0,1.0,1.0
h6/plainq8_k64_ba16,h6/preds/plainq8_k64_ba16.jsonl,2421,1.0,1.0,1.0,1.0,1.0,1.0
h6/plainqb_a16,h6/preds/plainqb_a16.jsonl,2421,1.0,1.0,1.0,1.0,1.0,1.0
h6/plainqb_k48,h6/preds/plainqb_k48.jsonl,2421,1.0,1.0,1.0,1.0,1.0,1.0
h6/plainqb_k48_ba16,h6/preds/plainqb_k48_ba16.jsonl,2421,1.0,1.0,1.0,1.0,1.0,1.0
h6/plainqb_k48_ba16_c85,h6/preds/plainqb_k48_ba16_c85.jsonl,2421,1.0,1.0,1.0,1.0,1.0,1.0
h6/plainqb_k56_ba16,h6/preds/plainqb_k56_ba16.jsonl,2421,1.0,1.0,1.0,1.0,1.0,1.0
h6/plainqb_k64_ba16,h6/preds/plainqb_k64_ba16.jsonl,2421,1.0,1.0,1.0,1.0,1.0,1.0
h6/plainqbr_k64_ba16,h6/preds/plainqbr_k64_ba16.jsonl,2421,1.0,1.0,1.0,1.0,1.0,1.0
h6/qatp_d_s300,h6/preds/qatp_d_s300.jsonl,2234,1.0,1.0,0.0,1.0,1.0,1.0
h6/qatq_e_s1200,h6/preds/qatq_e_s1200.jsonl,2234,1.0,1.0,0.0,1.0,1.0,1.0
h6/qatq_e_s2000,h6/preds/qatq_e_s2000.jsonl,2421,1.0,1.0,1.0,1.0,1.0,1.0
h6/qatq_e_s600,h6/preds/qatq_e_s600.jsonl,2234,1.0,1.0,0.0,1.0,1.0,1.0
h6/schema_bf16_s0,h6/preds/schema_bf16_s0.jsonl,2234,1.0,1.0,0.0,1.0,1.0,1.0
h6/sets_bf16_s0,h6/preds/sets_bf16_s0.jsonl,2234,1.0,1.0,0.0,1.0,1.0,1.0
h6/setsmix_k48ba_s0,h6/preds/setsmix_k48ba_s0.jsonl,2234,1.0,1.0,0.0,1.0,1.0,1.0
h7/base_bundle,h7/preds/base_bundle.json,2421,1.0,1.0,1.0,1.0,1.0,1.0
h7/s300_bundle,h7/preds/s300_bundle.json,2421,1.0,1.0,1.0,1.0,1.0,1.0
h7/sets1_s900,h7/preds/sets1_s900.json,2421,1.0,1.0,1.0,1.0,1.0,1.0
h7/sets_s1300,h7/preds/sets_s1300.json,2421,1.0,1.0,1.0,1.0,1.0,1.0
h7/sets_s300,h7/preds/sets_s300.json,2421,1.0,1.0,1.0,1.0,1.0,1.0
h7/sets_s600,h7/preds/sets_s600.json,2421,1.0,1.0,1.0,1.0,1.0,1.0
h7/sets_s900,h7/preds/sets_s900.json,2421,1.0,1.0,1.0,1.0,1.0,1.0
j1/preds_A,j1/results/preds_A.json,2421,1.0,1.0,1.0,1.0,1.0,1.0
j1/preds_A.raw,j1/results/preds_A.raw.json,2421,1.0,1.0,1.0,1.0,1.0,1.0
j1/preds_A_loc512,j1/results/preds_A_loc512.json,2421,1.0,1.0,1.0,1.0,1.0,1.0
j1/preds_B,j1/results/preds_B.json,2421,1.0,1.0,1.0,1.0,1.0,1.0
j2/base_sub,j2/preds/base_sub.json,871,1.0,0.0,0.0,0.0,1.0,0.0
j2/causal,j2/preds/causal.json,2421,1.0,1.0,1.0,1.0,1.0,1.0
j2/causal_mntp,j2/preds/causal_mntp.json,2234,1.0,1.0,0.0,1.0,1.0,1.0
j2/qa_all,j2/preds/qa_all.json,2421,1.0,1.0,1.0,1.0,1.0,1.0
j2/qag_all,j2/preds/qag_all.json,2421,1.0,1.0,1.0,1.0,1.0,1.0
j2/qag_early,j2/preds/qag_early.json,2234,1.0,1.0,0.0,1.0,1.0,1.0
j3/curve/a812_s100_L8,j3/curve/a812_s100_L8.json,770,0.563,0.224,0.195,0.299,0.375,0.225
j3/curve/a812_s300_L12,j3/curve/a812_s300_L12.json,770,0.563,0.224,0.195,0.299,0.375,0.225
j3/curve/a812_s300_L8,j3/curve/a812_s300_L8.json,770,0.563,0.224,0.195,0.299,0.375,0.225
j3/curve/a812_s500_L12,j3/curve/a812_s500_L12.json,770,0.563,0.224,0.195,0.299,0.375,0.225
j3/curve/a812_s500_L8,j3/curve/a812_s500_L8.json,770,0.563,0.224,0.195,0.299,0.375,0.225
j3/a812_L12,j3/preds/a812_L12.json,2421,1.0,1.0,1.0,1.0,1.0,1.0
j3/a812_L8,j3/preds/a812_L8.json,2421,1.0,1.0,1.0,1.0,1.0,1.0
j3/a812s400_L8,j3/preds/a812s400_L8.json,2421,1.0,1.0,1.0,1.0,1.0,1.0
j3/rt8_L8,j3/preds/rt8_L8.json,2421,1.0,1.0,1.0,1.0,1.0,1.0
j3/set812_L12,j3/preds/set812_L12.json,2421,1.0,1.0,1.0,1.0,1.0,1.0
j3/set812_L8,j3/preds/set812_L8.json,2421,1.0,1.0,1.0,1.0,1.0,1.0
j3/tf_full_12A,j3/preds/tf_full_12A.json,2421,1.0,1.0,1.0,1.0,1.0,1.0
j3/tf_full_12G,j3/preds/tf_full_12G.json,2421,1.0,1.0,1.0,1.0,1.0,1.0
j3/tf_full_16A,j3/preds/tf_full_16A.json,2421,1.0,1.0,1.0,1.0,1.0,1.0
j3/tf/tf_12A,j3/tf/tf_12A.json,770,0.563,0.224,0.195,0.299,0.375,0.225
j3/tf/tf_12G,j3/tf/tf_12G.json,770,0.563,0.224,0.195,0.299,0.375,0.225
j3/tf/tf_16A,j3/tf/tf_16A.json,770,0.563,0.224,0.195,0.299,0.375,0.225
j3/tf/tf_24A,j3/tf/tf_24A.json,770,0.563,0.224,0.195,0.299,0.375,0.225
j3/tf/tf_4A,j3/tf/tf_4A.json,770,0.563,0.224,0.195,0.299,0.375,0.225
j3/tf/tf_4G,j3/tf/tf_4G.json,770,0.563,0.224,0.195,0.299,0.375,0.225
j3/tf/tf_8A,j3/tf/tf_8A.json,770,0.563,0.224,0.195,0.299,0.375,0.225
j3/tf/tf_8G,j3/tf/tf_8G.json,770,0.563,0.224,0.195,0.299,0.375,0.225
j4/a2_r1000,j4/preds/a2_r1000.json,1989,1.0,0.369,0.0,1.0,1.0,1.0
j4/a2_r4000,j4/preds/a2_r4000.json,1989,1.0,0.369,0.0,1.0,1.0,1.0
j4/a3_r4000,j4/preds/a3_r4000.json,1989,1.0,0.369,0.0,1.0,1.0,1.0
j4/a_r1000,j4/preds/a_r1000.json,2234,1.0,1.0,0.0,1.0,1.0,1.0
j4/a_r12000,j4/preds/a_r12000.json,2421,1.0,1.0,1.0,1.0,1.0,1.0
j4/a_r4000,j4/preds/a_r4000.json,2234,1.0,1.0,0.0,1.0,1.0,1.0
j4/b2_r1000,j4/preds/b2_r1000.json,1989,1.0,0.369,0.0,1.0,1.0,1.0
j4/b2_r4000,j4/preds/b2_r4000.json,1989,1.0,0.369,0.0,1.0,1.0,1.0
j4/b3_r4000,j4/preds/b3_r4000.json,1989,1.0,0.369,0.0,1.0,1.0,1.0
j4/b_r1000,j4/preds/b_r1000.json,2234,1.0,1.0,0.0,1.0,1.0,1.0
j4/b_r12000,j4/preds/b_r12000.json,2421,1.0,1.0,1.0,1.0,1.0,1.0
j4/b_r4000,j4/preds/b_r4000.json,2234,1.0,1.0,0.0,1.0,1.0,1.0
j4/bf_r1000,j4/preds/bf_r1000.json,1989,1.0,0.369,0.0,1.0,1.0,1.0
j4/bf_r4000,j4/preds/bf_r4000.json,1989,1.0,0.369,0.0,1.0,1.0,1.0
j4/c_final,j4/preds/c_final.json,2421,1.0,1.0,1.0,1.0,1.0,1.0
j4/c_r16000,j4/preds/c_r16000.json,2234,1.0,1.0,0.0,1.0,1.0,1.0
j4/d_r1000,j4/preds/d_r1000.json,1989,1.0,0.369,0.0,1.0,1.0,1.0
j4/d_r4000,j4/preds/d_r4000.json,1989,1.0,0.369,0.0,1.0,1.0,1.0
j4/dp_only,j4/preds/dp_only.json,2234,1.0,1.0,0.0,1.0,1.0,1.0
j4/e_r1000,j4/preds/e_r1000.json,1989,1.0,0.369,0.0,1.0,1.0,1.0
j4/e_r12000,j4/preds/e_r12000.json,2421,1.0,1.0,1.0,1.0,1.0,1.0
j4/e_r4000,j4/preds/e_r4000.json,1989,1.0,0.369,0.0,1.0,1.0,1.0
j4/hob_jb,j4/preds/hob_jb.json,231,1.0,0.0,0.0,0.0,0.0,0.0
j4/smoke_jb,j4/preds/smoke_jb.json,231,1.0,0.0,0.0,0.0,0.0,0.0
j5/preds_bf16,j5/preds/preds_bf16.jsonl,2421,1.0,1.0,1.0,1.0,1.0,1.0
j5/preds_mix_w4g128_w8,j5/preds/preds_mix_w4g128_w8.jsonl,2421,1.0,1.0,1.0,1.0,1.0,1.0
j5/preds_w3g128,j5/preds/preds_w3g128.jsonl,2421,1.0,1.0,1.0,1.0,1.0,1.0
j5/preds_w4g128,j5/preds/preds_w4g128.jsonl,2421,1.0,1.0,1.0,1.0,1.0,1.0
j5/preds_w4g128rtn,j5/preds/preds_w4g128rtn.jsonl,2421,1.0,1.0,1.0,1.0,1.0,1.0
j5/preds_w4g64,j5/preds/preds_w4g64.jsonl,2421,1.0,1.0,1.0,1.0,1.0,1.0
j5/preds_w8,j5/preds/preds_w8.jsonl,2421,1.0,1.0,1.0,1.0,1.0,1.0
j5/preds_w8a8b8_h2,j5/preds/preds_w8a8b8_h2.jsonl,2421,1.0,1.0,1.0,1.0,1.0,1.0
j5/preds_w8a8b8_j5,j5/preds/preds_w8a8b8_j5.jsonl,2421,1.0,1.0,1.0,1.0,1.0,1.0
j6/preds_a:student,j6/preds/preds_a.json,1550,0.0,1.0,1.0,1.0,0.0,1.0
j6/preds_a:teacher,j6/preds/preds_a.json,1550,0.0,1.0,1.0,1.0,0.0,1.0
j6/preds_e,j6/preds/preds_e.json,1550,0.0,1.0,1.0,1.0,0.0,1.0
j6/preds_h,j6/preds/preds_h.json,2421,1.0,1.0,1.0,1.0,1.0,1.0
j6/preds_late:student,j6/preds/preds_late.json,1550,0.0,1.0,1.0,1.0,0.0,1.0
j6/preds_p:r8,j6/preds/preds_p.json,236,0.0,0.157,0.14,0.0,0.0,0.095
j6/preds_p:r40,j6/preds/preds_p.json,236,0.0,0.157,0.14,0.0,0.0,0.095
j7/C,j7/preds/C.json,2421,1.0,1.0,1.0,1.0,1.0,1.0
j7/T16k,j7/preds/T16k.json,2421,1.0,1.0,1.0,1.0,1.0,1.0
j7/T2_64k,j7/preds/T2_64k.json,2421,1.0,1.0,1.0,1.0,1.0,1.0
j7/T4k,j7/preds/T4k.json,2421,1.0,1.0,1.0,1.0,1.0,1.0
j7/T64k,j7/preds/T64k.json,2421,1.0,1.0,1.0,1.0,1.0,1.0
j7/T64k_s100,j7/preds/T64k_s100.json,561,0.0,1.0,0.0,0.0,0.0,1.0
j7/T64k_s200,j7/preds/T64k_s200.json,561,0.0,1.0,0.0,0.0,0.0,1.0
j7/T64k_s300,j7/preds/T64k_s300.json,561,0.0,1.0,0.0,0.0,0.0,1.0
j7/TL2_64k,j7/preds/TL2_64k.json,2421,1.0,1.0,1.0,1.0,1.0,1.0
j7/TL64k,j7/preds/TL64k.json,2421,1.0,1.0,1.0,1.0,1.0,1.0
j7/TV64k,j7/preds/TV64k.json,2421,1.0,1.0,1.0,1.0,1.0,1.0
j7/V,j7/preds/V.json,2421,1.0,1.0,1.0,1.0,1.0,1.0
j7/V_noval,j7/preds/V_noval.json,1442,0.0,0.0,0.0,1.0,1.0,0.0
j7/Z16k,j7/preds/Z16k.json,2421,1.0,1.0,1.0,1.0,1.0,1.0
j8/cpreds_bf16sub,j8/cpreds_bf16sub.jsonl,856,1.0,0.277,0.0,0.299,0.25,0.282
j8/npreds_nl,j8/npreds_nl.jsonl,265,0.827,0.023,0.0,0.059,0.013,0.033
j8/npreds_xla,j8/npreds_xla.jsonl,265,0.827,0.023,0.0,0.059,0.013,0.033
j8/cpreds_bf16all,j8/results/cpreds_bf16all.jsonl,2421,1.0,1.0,1.0,1.0,1.0,1.0
j8/cpreds_bf16sub,j8/results/cpreds_bf16sub.jsonl,856,1.0,0.277,0.0,0.299,0.25,0.282
j8/npreds_k2,j8/results/npreds_k2.jsonl,777,1.0,0.253,0.0,0.224,0.237,0.275
j8/npreds_nl,j8/results/npreds_nl.jsonl,265,0.827,0.023,0.0,0.059,0.013,0.033
j8/npreds_xla,j8/results/npreds_xla.jsonl,265,0.827,0.023,0.0,0.059,0.013,0.033
j9/d_R_affine_prime,j9/preds/d_R_affine_prime.json,250,0.0,0.333,0.338,0.0,0.0,0.328
j9/d_R_affine_strict,j9/preds/d_R_affine_strict.json,250,0.0,0.333,0.338,0.0,0.0,0.328
j9/d_R_last,j9/preds/d_R_last.json,250,0.0,0.333,0.338,0.0,0.0,0.328
j9/d_R_skip,j9/preds/d_R_skip.json,250,0.0,0.333,0.338,0.0,0.0,0.328
j9/d_Rx,j9/preds/d_Rx.json,250,0.0,0.333,0.338,0.0,0.0,0.328
j9/t4_R_affine,j9/preds/t4_R_affine.json,2421,1.0,1.0,1.0,1.0,1.0,1.0
j9/t4_R_skip,j9/preds/t4_R_skip.json,2190,0.0,1.0,1.0,1.0,1.0,1.0
j9/t_R_affine,j9/preds/t_R_affine.json,2421,1.0,1.0,1.0,1.0,1.0,1.0
j9/t_R_skip,j9/preds/t_R_skip.json,748,0.0,1.0,1.0,0.0,0.0,1.0
j9/u_R_affine,j9/preds/u_R_affine.json,2190,0.0,1.0,1.0,1.0,1.0,1.0
j9/u_R_affine_partial,j9/preds/u_R_affine_partial.jsonl,1400,0.0,1.0,1.0,0.813,0.0,1.0
j11/runs/M_dec/preds_kit,j11/runs/M_dec/preds_kit.json,2421,1.0,1.0,1.0,1.0,1.0,1.0
j11/runs/M_dec/preds_kit_rot:rot1,j11/runs/M_dec/preds_kit_rot.json,2391,0.922,0.991,0.996,1.0,1.0,0.978
j11/runs/M_dec/preds_kit_rot:rot2,j11/runs/M_dec/preds_kit_rot.json,477,0.602,0.231,0.261,0.1,0.0,0.142
j11/runs/M_dec/preds_kit_rot:rot3,j11/runs/M_dec/preds_kit_rot.json,440,0.537,0.157,0.14,0.1,0.0,0.095
j11/runs/M_dec/preds_kit_rot:rev,j11/runs/M_dec/preds_kit_rot.json,30,0.078,0.009,0.004,0.0,0.0,0.022
j11/runs/M_slot/preds_kit,j11/runs/M_slot/preds_kit.json,2421,1.0,1.0,1.0,1.0,1.0,1.0
j11/runs/M_slot/preds_kit_rot:rot1,j11/runs/M_slot/preds_kit_rot.json,2391,0.922,0.991,0.996,1.0,1.0,0.978
j11/runs/M_slot/preds_kit_rot:rot2,j11/runs/M_slot/preds_kit_rot.json,477,0.602,0.231,0.261,0.1,0.0,0.142
j11/runs/M_slot/preds_kit_rot:rot3,j11/runs/M_slot/preds_kit_rot.json,440,0.537,0.157,0.14,0.1,0.0,0.095
j11/runs/M_slot/preds_kit_rot:rev,j11/runs/M_slot/preds_kit_rot.json,30,0.078,0.009,0.004,0.0,0.0,0.022
j11/runs/M_vslot2/preds_kit,j11/runs/M_vslot2/preds_kit.json,2421,1.0,1.0,1.0,1.0,1.0,1.0
j11/runs/M_vslot2/preds_kit_rot:rot1,j11/runs/M_vslot2/preds_kit_rot.json,2391,0.922,0.991,0.996,1.0,1.0,0.978
j11/runs/M_vslot2/preds_kit_rot:rot2,j11/runs/M_vslot2/preds_kit_rot.json,477,0.602,0.231,0.261,0.1,0.0,0.142
j11/runs/M_vslot2/preds_kit_rot:rot3,j11/runs/M_vslot2/preds_kit_rot.json,440,0.537,0.157,0.14,0.1,0.0,0.095
j11/runs/M_vslot2/preds_kit_rot:rev,j11/runs/M_vslot2/preds_kit_rot.json,30,0.078,0.009,0.004,0.0,0.0,0.022
j11/runs/S_belief/preds_kit,j11/runs/S_belief/preds_kit.json,2421,1.0,1.0,1.0,1.0,1.0,1.0
j11/runs/S_belief/preds_kit_rot:rot1,j11/runs/S_belief/preds_kit_rot.json,2391,0.922,0.991,0.996,1.0,1.0,0.978
j11/runs/S_belief/preds_kit_rot:rot2,j11/runs/S_belief/preds_kit_rot.json,477,0.602,0.231,0.261,0.1,0.0,0.142
j11/runs/S_belief/preds_kit_rot:rot3,j11/runs/S_belief/preds_kit_rot.json,440,0.537,0.157,0.14,0.1,0.0,0.095
j11/runs/S_belief/preds_kit_rot:rev,j11/runs/S_belief/preds_kit_rot.json,30,0.078,0.009,0.004,0.0,0.0,0.022
j11/runs/S_dec/preds_kit,j11/runs/S_dec/preds_kit.json,2421,1.0,1.0,1.0,1.0,1.0,1.0
j11/runs/S_dec/preds_kit_rot:rot1,j11/runs/S_dec/preds_kit_rot.json,2391,0.922,0.991,0.996,1.0,1.0,0.978
j11/runs/S_dec/preds_kit_rot:rot2,j11/runs/S_dec/preds_kit_rot.json,477,0.602,0.231,0.261,0.1,0.0,0.142
j11/runs/S_dec/preds_kit_rot:rot3,j11/runs/S_dec/preds_kit_rot.json,440,0.537,0.157,0.14,0.1,0.0,0.095
j11/runs/S_dec/preds_kit_rot:rev,j11/runs/S_dec/preds_kit_rot.json,30,0.078,0.009,0.004,0.0,0.0,0.022
j11/runs/S_decv/preds_kit,j11/runs/S_decv/preds_kit.json,2421,1.0,1.0,1.0,1.0,1.0,1.0
j11/runs/S_decv/preds_kit_rot:rot1,j11/runs/S_decv/preds_kit_rot.json,2391,0.922,0.991,0.996,1.0,1.0,0.978
j11/runs/S_decv/preds_kit_rot:rot2,j11/runs/S_decv/preds_kit_rot.json,477,0.602,0.231,0.261,0.1,0.0,0.142
j11/runs/S_decv/preds_kit_rot:rot3,j11/runs/S_decv/preds_kit_rot.json,440,0.537,0.157,0.14,0.1,0.0,0.095
j11/runs/S_decv/preds_kit_rot:rev,j11/runs/S_decv/preds_kit_rot.json,30,0.078,0.009,0.004,0.0,0.0,0.022
j11/runs/S_slot/preds_kit,j11/runs/S_slot/preds_kit.json,2421,1.0,1.0,1.0,1.0,1.0,1.0
j11/runs/S_slot/preds_kit_rot:rot1,j11/runs/S_slot/preds_kit_rot.json,2391,0.922,0.991,0.996,1.0,1.0,0.978
j11/runs/S_slot/preds_kit_rot:rot2,j11/runs/S_slot/preds_kit_rot.json,477,0.602,0.231,0.261,0.1,0.0,0.142
j11/runs/S_slot/preds_kit_rot:rot3,j11/runs/S_slot/preds_kit_rot.json,440,0.537,0.157,0.14,0.1,0.0,0.095
j11/runs/S_slot/preds_kit_rot:rev,j11/runs/S_slot/preds_kit_rot.json,30,0.078,0.009,0.004,0.0,0.0,0.022
j11/runs/S_vslot/preds_kit,j11/runs/S_vslot/preds_kit.json,2421,1.0,1.0,1.0,1.0,1.0,1.0
j11/runs/S_vslot/preds_kit_rot:rot1,j11/runs/S_vslot/preds_kit_rot.json,2391,0.922,0.991,0.996,1.0,1.0,0.978
j11/runs/S_vslot/preds_kit_rot:rot2,j11/runs/S_vslot/preds_kit_rot.json,477,0.602,0.231,0.261,0.1,0.0,0.142
j11/runs/S_vslot/preds_kit_rot:rot3,j11/runs/S_vslot/preds_kit_rot.json,440,0.537,0.157,0.14,0.1,0.0,0.095
j11/runs/S_vslot/preds_kit_rot:rev,j11/runs/S_vslot/preds_kit_rot.json,30,0.078,0.009,0.004,0.0,0.0,0.022
j11/runs/S_vslot2/preds_kit,j11/runs/S_vslot2/preds_kit.json,2421,1.0,1.0,1.0,1.0,1.0,1.0
j11/runs/S_vslot2/preds_kit_rot:rot1,j11/runs/S_vslot2/preds_kit_rot.json,2391,0.922,0.991,0.996,1.0,1.0,0.978
j11/runs/S_vslot2/preds_kit_rot:rot2,j11/runs/S_vslot2/preds_kit_rot.json,477,0.602,0.231,0.261,0.1,0.0,0.142
j11/runs/S_vslot2/preds_kit_rot:rot3,j11/runs/S_vslot2/preds_kit_rot.json,440,0.537,0.157,0.14,0.1,0.0,0.095
j11/runs/S_vslot2/preds_kit_rot:rev,j11/runs/S_vslot2/preds_kit_rot.json,30,0.078,0.009,0.004,0.0,0.0,0.022
j11/runs/XS_dec/preds_kit,j11/runs/XS_dec/preds_kit.json,2421,1.0,1.0,1.0,1.0,1.0,1.0
j11/runs/XS_dec/preds_kit_rot:rot1,j11/runs/XS_dec/preds_kit_rot.json,2391,0.922,0.991,0.996,1.0,1.0,0.978
j11/runs/XS_dec/preds_kit_rot:rot2,j11/runs/XS_dec/preds_kit_rot.json,477,0.602,0.231,0.261,0.1,0.0,0.142
j11/runs/XS_dec/preds_kit_rot:rot3,j11/runs/XS_dec/preds_kit_rot.json,440,0.537,0.157,0.14,0.1,0.0,0.095
j11/runs/XS_dec/preds_kit_rot:rev,j11/runs/XS_dec/preds_kit_rot.json,30,0.078,0.009,0.004,0.0,0.0,0.022
j11/runs/XS_slot/preds_kit,j11/runs/XS_slot/preds_kit.json,2421,1.0,1.0,1.0,1.0,1.0,1.0
j11/runs/XS_slot/preds_kit_rot:rot1,j11/runs/XS_slot/preds_kit_rot.json,2391,0.922,0.991,0.996,1.0,1.0,0.978
j11/runs/XS_slot/preds_kit_rot:rot2,j11/runs/XS_slot/preds_kit_rot.json,477,0.602,0.231,0.261,0.1,0.0,0.142
j11/runs/XS_slot/preds_kit_rot:rot3,j11/runs/XS_slot/preds_kit_rot.json,440,0.537,0.157,0.14,0.1,0.0,0.095
j11/runs/XS_slot/preds_kit_rot:rev,j11/runs/XS_slot/preds_kit_rot.json,30,0.078,0.009,0.004,0.0,0.0,0.022
j11/runs/XS_vslot2/preds_kit,j11/runs/XS_vslot2/preds_kit.json,2421,1.0,1.0,1.0,1.0,1.0,1.0
j11/runs/XS_vslot2/preds_kit_rot:rot1,j11/runs/XS_vslot2/preds_kit_rot.json,2391,0.922,0.991,0.996,1.0,1.0,0.978
j11/runs/XS_vslot2/preds_kit_rot:rot2,j11/runs/XS_vslot2/preds_kit_rot.json,477,0.602,0.231,0.261,0.1,0.0,0.142
j11/runs/XS_vslot2/preds_kit_rot:rot3,j11/runs/XS_vslot2/preds_kit_rot.json,440,0.537,0.157,0.14,0.1,0.0,0.095
j11/runs/XS_vslot2/preds_kit_rot:rev,j11/runs/XS_vslot2/preds_kit_rot.json,30,0.078,0.009,0.004,0.0,0.0,0.022
j12/preds_ctl,j12/preds/preds_ctl.jsonl,2421,1.0,1.0,1.0,1.0,1.0,1.0
j12/preds_xr,j12/preds/preds_xr.jsonl,2421,1.0,1.0,1.0,1.0,1.0,1.0
j12/preds_xr_noxr,j12/preds/preds_xr_noxr.jsonl,1442,0.0,0.0,0.0,1.0,1.0,0.0
j12/preds_xrf250_cfp,j12/preds/preds_xrf250_cfp.jsonl,640,0.0,0.0,0.0,0.0,1.0,0.0
j14/A150:oa+sfx:replay:natural,j14/preds/A150.jsonl,2421,1.0,1.0,1.0,1.0,1.0,1.0
j14/A150:oa+sfx:replay:frozen,j14/preds/A150.jsonl,2421,1.0,1.0,1.0,1.0,1.0,1.0
j14/B150:oa+sfx:replay:frozen,j14/preds/B150.jsonl,2421,1.0,1.0,1.0,1.0,1.0,1.0
j14/B150:all:replay:frozen,j14/preds/B150.jsonl,2421,1.0,1.0,1.0,1.0,1.0,1.0
j14/C250:ob@8+ok4@8+sfx:replay:frozen,j14/preds/C250.jsonl,2421,1.0,1.0,1.0,1.0,1.0,1.0
j14/C250:H8/ob@8+ok4@8+sfx:replay:frozen,j14/preds/C250.jsonl,2421,1.0,1.0,1.0,1.0,1.0,1.0
j14/C400:ob@8+ok4@8+sfx:replay:frozen,j14/preds/C400.jsonl,2421,1.0,1.0,1.0,1.0,1.0,1.0
j14/C400:H8/ob@8+ok4@8+sfx:replay:frozen,j14/preds/C400.jsonl,2421,1.0,1.0,1.0,1.0,1.0,1.0
j14/E100:ob@8+ok4@8+sfx:replay:frozen,j14/preds/E100.jsonl,2421,1.0,1.0,1.0,1.0,1.0,1.0
j14/E100:H8/ob@8+ok4@8+sfx:replay:frozen,j14/preds/E100.jsonl,2421,1.0,1.0,1.0,1.0,1.0,1.0
j14/F150:ob+q32:replay:frozen,j14/preds/F150.jsonl,2421,1.0,1.0,1.0,1.0,1.0,1.0
j14/F150:H8/ob+q32:replay:frozen,j14/preds/F150.jsonl,2421,1.0,1.0,1.0,1.0,1.0,1.0
j14/G100:q32+ok4+sfx:replay:frozen,j14/preds/G100.jsonl,2421,1.0,1.0,1.0,1.0,1.0,1.0
j14/G100:H8/q32+ok4+sfx:replay:frozen,j14/preds/G100.jsonl,2421,1.0,1.0,1.0,1.0,1.0,1.0
j14/ladder:all:replay:frozen,j14/preds/ladder.jsonl,2003,0.0,1.0,0.0,1.0,1.0,1.0
j14/ladder:oa+sfx:replay:frozen,j14/preds/ladder.jsonl,2003,0.0,1.0,0.0,1.0,1.0,1.0
j14/ladder:ob:replay:frozen,j14/preds/ladder.jsonl,2003,0.0,1.0,0.0,1.0,1.0,1.0
j14/ladder:ob+q32:replay:frozen,j14/preds/ladder.jsonl,2003,0.0,1.0,0.0,1.0,1.0,1.0
j14/ladder:ob+q64:replay:frozen,j14/preds/ladder.jsonl,2003,0.0,1.0,0.0,1.0,1.0,1.0
j14/ladder2:q16+oa+sfx:replay:frozen,j14/preds/ladder2.jsonl,2003,0.0,1.0,0.0,1.0,1.0,1.0
j14/ladder2:q32+oa+sfx:replay:frozen,j14/preds/ladder2.jsonl,2003,0.0,1.0,0.0,1.0,1.0,1.0
j14/ladder2:q64+oa+sfx:replay:frozen,j14/preds/ladder2.jsonl,2003,0.0,1.0,0.0,1.0,1.0,1.0
j14/untrained:all:replay,j14/preds/untrained.jsonl,291,0.0,0.717,0.0,0.0,0.0,0.625
j14/untrained:oa:replay,j14/preds/untrained.jsonl,291,0.0,0.717,0.0,0.0,0.0,0.625
j14/untrained:oa+sfx:replay,j14/preds/untrained.jsonl,291,0.0,0.717,0.0,0.0,0.0,0.625
j14/untrained:oa+sfx+ok4:replay,j14/preds/untrained.jsonl,291,0.0,0.717,0.0,0.0,0.0,0.625
j14/untrained:ob:replay,j14/preds/untrained.jsonl,291,0.0,0.717,0.0,0.0,0.0,0.625
j14/untrained:oa+sfx:skip,j14/preds/untrained.jsonl,291,0.0,0.717,0.0,0.0,0.0,0.625
j14/untrained:ob+q16:replay,j14/preds/untrained.jsonl,291,0.0,0.717,0.0,0.0,0.0,0.625
j15/b8_eval,j15/preds/b8_eval.jsonl,2421,1.0,1.0,1.0,1.0,1.0,1.0
j15/b8s1_eval,j15/preds/b8s1_eval.jsonl,2421,1.0,1.0,1.0,1.0,1.0,1.0
j15/b8s2_eval,j15/preds/b8s2_eval.jsonl,2421,1.0,1.0,1.0,1.0,1.0,1.0
j15/bf16_eval,j15/preds/bf16_eval.jsonl,2421,1.0,1.0,1.0,1.0,1.0,1.0
j15/bf16t_eval,j15/preds/bf16t_eval.jsonl,2421,1.0,1.0,1.0,1.0,1.0,1.0
j15/exit_L10_eval,j15/preds/exit_L10_eval.jsonl,2421,1.0,1.0,1.0,1.0,1.0,1.0
j15/exit_L12_eval,j15/preds/exit_L12_eval.jsonl,2421,1.0,1.0,1.0,1.0,1.0,1.0
j15/exit_L14_eval,j15/preds/exit_L14_eval.jsonl,2421,1.0,1.0,1.0,1.0,1.0,1.0
j15/exit_L16_eval,j15/preds/exit_L16_eval.jsonl,2421,1.0,1.0,1.0,1.0,1.0,1.0
j15/exit_L18_eval,j15/preds/exit_L18_eval.jsonl,2421,1.0,1.0,1.0,1.0,1.0,1.0
j15/exit_L20_eval,j15/preds/exit_L20_eval.jsonl,2421,1.0,1.0,1.0,1.0,1.0,1.0
j15/exit_L4_eval,j15/preds/exit_L4_eval.jsonl,2421,1.0,1.0,1.0,1.0,1.0,1.0
j15/exit_L6_eval,j15/preds/exit_L6_eval.jsonl,2421,1.0,1.0,1.0,1.0,1.0,1.0
j15/exit_L8_eval,j15/preds/exit_L8_eval.jsonl,2421,1.0,1.0,1.0,1.0,1.0,1.0
j15/exit_b8s1_L16_eval,j15/preds/exit_b8s1_L16_eval.jsonl,2421,1.0,1.0,1.0,1.0,1.0,1.0
j15/exit_b8s1_L8_eval,j15/preds/exit_b8s1_L8_eval.jsonl,2421,1.0,1.0,1.0,1.0,1.0,1.0
j15/exit_b8s2_L16_eval,j15/preds/exit_b8s2_L16_eval.jsonl,2421,1.0,1.0,1.0,1.0,1.0,1.0
j15/exit_b8s2_L8_eval,j15/preds/exit_b8s2_L8_eval.jsonl,2421,1.0,1.0,1.0,1.0,1.0,1.0
j15/exit_bf16t_L12_eval,j15/preds/exit_bf16t_L12_eval.jsonl,2421,1.0,1.0,1.0,1.0,1.0,1.0
j15/exit_bf16t_L14_eval,j15/preds/exit_bf16t_L14_eval.jsonl,2421,1.0,1.0,1.0,1.0,1.0,1.0
j15/exit_bf16t_L16_eval,j15/preds/exit_bf16t_L16_eval.jsonl,2421,1.0,1.0,1.0,1.0,1.0,1.0
j15/exit_bf16t_L8_eval,j15/preds/exit_bf16t_L8_eval.jsonl,2421,1.0,1.0,1.0,1.0,1.0,1.0
j15/k48_eval,j15/preds/k48_eval.jsonl,2421,1.0,1.0,1.0,1.0,1.0,1.0
j15/k64qb_eval,j15/preds/k64qb_eval.jsonl,2421,1.0,1.0,1.0,1.0,1.0,1.0
j15/w4a4_eval,j15/preds/w4a4_eval.jsonl,2421,1.0,1.0,1.0,1.0,1.0,1.0
j15/w4pre12_eval,j15/preds/w4pre12_eval.jsonl,2421,1.0,1.0,1.0,1.0,1.0,1.0
j15/w4pre18_eval,j15/preds/w4pre18_eval.jsonl,2421,1.0,1.0,1.0,1.0,1.0,1.0
j15/smoke/b8,j15/smoke/b8.jsonl,3,0.0,0.011,0.0,0.0,0.0,0.013
j15/smoke/w4,j15/smoke/w4.jsonl,3,0.0,0.011,0.0,0.0,0.0,0.013
q1/res/b2:tc4shFq8,q1/res/preds/b2.json,2421,1.0,1.0,1.0,1.0,1.0,1.0
q1/res/b2:resq128q8,q1/res/preds/b2.json,2421,1.0,1.0,1.0,1.0,1.0,1.0
q1/res/b3:w4a4,q1/res/preds/b3.json,2421,1.0,1.0,1.0,1.0,1.0,1.0
q1/res/b3:proto256fq8,q1/res/preds/b3.json,2421,1.0,1.0,1.0,1.0,1.0,1.0
q1/res/b3:tc4rq8,q1/res/preds/b3.json,2421,1.0,1.0,1.0,1.0,1.0,1.0
q1/res/base:tc45rq8,q1/res/preds/base.json,2421,1.0,1.0,1.0,1.0,1.0,1.0
q1/res/base:w4q8,q1/res/preds/base.json,2421,1.0,1.0,1.0,1.0,1.0,1.0
q1/res/dense:dense,q1/res/preds/dense.json,2421,1.0,1.0,1.0,1.0,1.0,1.0
q2/exit_k64_L16_eval,q2/preds/exit_k64_L16_eval.jsonl,2421,1.0,1.0,1.0,1.0,1.0,1.0
q2/k64_eval,q2/preds/k64_eval.jsonl,2421,1.0,1.0,1.0,1.0,1.0,1.0
q2/preds_h2_b8,q2/preds/preds_h2_b8.jsonl,2421,1.0,1.0,1.0,1.0,1.0,1.0
q2/preds_h2_bf16,q2/preds/preds_h2_bf16.jsonl,2421,1.0,1.0,1.0,1.0,1.0,1.0
q2/preds_q2_ck48rr,q2/preds/preds_q2_ck48rr.jsonl,2421,1.0,1.0,1.0,1.0,1.0,1.0
q2/preds_q2_ck56rr,q2/preds/preds_q2_ck56rr.jsonl,2421,1.0,1.0,1.0,1.0,1.0,1.0
q2/preds_q2_ck64rr,q2/preds/preds_q2_ck64rr.jsonl,2421,1.0,1.0,1.0,1.0,1.0,1.0
q2/preds_q2_dk48rr,q2/preds/preds_q2_dk48rr.jsonl,2421,1.0,1.0,1.0,1.0,1.0,1.0
q2/preds_q2_dw4q8,q2/preds/preds_q2_dw4q8.jsonl,2421,1.0,1.0,1.0,1.0,1.0,1.0
q2/preds_q2_k48rr_qrt2,q2/preds/preds_q2_k48rr_qrt2.jsonl,2421,1.0,1.0,1.0,1.0,1.0,1.0
q2/preds_q2_w4q8c,q2/preds/preds_q2_w4q8c.jsonl,2421,1.0,1.0,1.0,1.0,1.0,1.0
q2/preds_q2b_b8,q2/preds/preds_q2b_b8.jsonl,2421,1.0,1.0,1.0,1.0,1.0,1.0
q2/preds_q2b_k64rr,q2/preds/preds_q2b_k64rr.jsonl,2421,1.0,1.0,1.0,1.0,1.0,1.0
q2/preds_q2b_k64x16,q2/preds/preds_q2b_k64x16.jsonl,2421,1.0,1.0,1.0,1.0,1.0,1.0
q2/q2b/b8_eval,q2/preds/q2b/b8_eval.jsonl,2421,1.0,1.0,1.0,1.0,1.0,1.0
q2/q2b/k64_eval,q2/preds/q2b/k64_eval.jsonl,2421,1.0,1.0,1.0,1.0,1.0,1.0
q2/q2b/preds_h2_bf16,q2/preds/q2b/preds_h2_bf16.jsonl,2421,1.0,1.0,1.0,1.0,1.0,1.0
q3/q2rt_w4q8_gptq,q3/preds/q2rt_w4q8_gptq.jsonl,2421,1.0,1.0,1.0,1.0,1.0,1.0
q3/q2rt_w4q8_qadbest,q3/preds/q2rt_w4q8_qadbest.jsonl,2421,1.0,1.0,1.0,1.0,1.0,1.0
q3/q2rt_w4q8_s,q3/preds/q2rt_w4q8_s.jsonl,2421,1.0,1.0,1.0,1.0,1.0,1.0
q3/qad_t0M,q3/preds/qad_t0M.jsonl,1201,0.0,1.0,0.0,0.0,1.0,1.0
q3/qad_t10M,q3/preds/qad_t10M.jsonl,1201,0.0,1.0,0.0,0.0,1.0,1.0
q3/qad_t20M,q3/preds/qad_t20M.jsonl,1201,0.0,1.0,0.0,0.0,1.0,1.0
q3/qadw4q8_t0M,q3/preds/qadw4q8_t0M.jsonl,1201,0.0,1.0,0.0,0.0,1.0,1.0
q3/qadw4q8_t12M,q3/preds/qadw4q8_t12M.jsonl,1201,0.0,1.0,0.0,0.0,1.0,1.0
q3/qadw4q8_t4M,q3/preds/qadw4q8_t4M.jsonl,1201,0.0,1.0,0.0,0.0,1.0,1.0
q3/qadw4q8_t8M,q3/preds/qadw4q8_t8M.jsonl,1201,0.0,1.0,0.0,0.0,1.0,1.0
q3/qrt_bf16,q3/preds/qrt_bf16.jsonl,2421,1.0,1.0,1.0,1.0,1.0,1.0
q3/qrt_w4a4_b41a,q3/preds/qrt_w4a4_b41a.jsonl,2421,1.0,1.0,1.0,1.0,1.0,1.0
q3/qrt_w4a4_gptq,q3/preds/qrt_w4a4_gptq.jsonl,2421,1.0,1.0,1.0,1.0,1.0,1.0
q3/qrt_w4a4_qad_t10M,q3/preds/qrt_w4a4_qad_t10M.jsonl,2421,1.0,1.0,1.0,1.0,1.0,1.0
q3/qrt_w4a4_qad_t20M,q3/preds/qrt_w4a4_qad_t20M.jsonl,2421,1.0,1.0,1.0,1.0,1.0,1.0
q3/ref_h2_b8,q3/preds/ref_h2_b8.jsonl,2421,1.0,1.0,1.0,1.0,1.0,1.0
q3/ref_h2_bf16,q3/preds/ref_h2_bf16.jsonl,2421,1.0,1.0,1.0,1.0,1.0,1.0
q3/ref_h2_w4a4gptq,q3/preds/ref_h2_w4a4gptq.jsonl,2421,1.0,1.0,1.0,1.0,1.0,1.0
q4/b8gptq,q4/preds/b8gptq.jsonl,2421,1.0,1.0,1.0,1.0,1.0,1.0
q4/b8gptq_b13,q4/preds/b8gptq_b13.jsonl,2421,1.0,1.0,1.0,1.0,1.0,1.0
q4/b8gptq_b13_inv,q4/preds/b8gptq_b13_inv.jsonl,2421,1.0,1.0,1.0,1.0,1.0,1.0
q4/b8gptq_inv,q4/preds/b8gptq_inv.jsonl,2421,1.0,1.0,1.0,1.0,1.0,1.0
q4/b8rtn7,q4/preds/b8rtn7.jsonl,2421,1.0,1.0,1.0,1.0,1.0,1.0
q4/b8rtn8,q4/preds/b8rtn8.jsonl,2421,1.0,1.0,1.0,1.0,1.0,1.0
q4/w4rtn3,q4/preds/w4rtn3.jsonl,2421,1.0,1.0,1.0,1.0,1.0,1.0
q4/w4rtn4,q4/preds/w4rtn4.jsonl,2421,1.0,1.0,1.0,1.0,1.0,1.0
q5/res/b8:b8,q5/res/preds/b8.json,2421,1.0,1.0,1.0,1.0,1.0,1.0
q5/res/b8_nr_G12-23_dsalc_f06:b8+nr.G12-23.dsalc.f0.6,q5/res/preds/b8_nr_G12-23_dsalc_f06.json,2421,1.0,1.0,1.0,1.0,1.0,1.0
q5/res/b8_nr_G12-23_dsalc_f075:b8+nr.G12-23.dsalc.f0.75,q5/res/preds/b8_nr_G12-23_dsalc_f075.json,2421,1.0,1.0,1.0,1.0,1.0,1.0
q5/res/b8_s24_L12-22_sgptd_int8n05_s:b8+s24.L12-22.sgptd.int8n0.5.s,q5/res/preds/b8_s24_L12-22_sgptd_int8n05_s.json,2421,1.0,1.0,1.0,1.0,1.0,1.0
q5/res/b8_s24_L13-23_sgptd_int4p_s:b8+s24.L13-23.sgptd.int4p.s,q5/res/preds/b8_s24_L13-23_sgptd_int4p_s.json,2421,1.0,1.0,1.0,1.0,1.0,1.0
q5/res/b8_s24_L14-23_sgptd_int4p_s:b8+s24.L14-23.sgptd.int4p.s,q5/res/preds/b8_s24_L14-23_sgptd_int4p_s.json,2421,1.0,1.0,1.0,1.0,1.0,1.0
q5/res/b8_stack_G06_mixint4p_L14:b8+stack.G0.6.mixint4p.L14,q5/res/preds/b8_stack_G06_mixint4p_L14.json,2421,1.0,1.0,1.0,1.0,1.0,1.0
q5/res/b8_stack_G075_mixint4p:b8+stack.G0.75.mixint4p,q5/res/preds/b8_stack_G075_mixint4p.json,2421,1.0,1.0,1.0,1.0,1.0,1.0
q5/res/b8_stack_G075gen2_mixint4p_L14:b8+stack.G0.75.gen2.mixint4p.L14,q5/res/preds/b8_stack_G075gen2_mixint4p_L14.json,2421,1.0,1.0,1.0,1.0,1.0,1.0
q5/res/dense:dense,q5/res/preds/dense.json,2421,1.0,1.0,1.0,1.0,1.0,1.0
q5/res/nr_G12-23_dsalc_f06:nr.G12-23.dsalc.f0.6,q5/res/preds/nr_G12-23_dsalc_f06.json,2421,1.0,1.0,1.0,1.0,1.0,1.0
q5/res/nr_G12-23_dsalc_f075:nr.G12-23.dsalc.f0.75,q5/res/preds/nr_G12-23_dsalc_f075.json,2421,1.0,1.0,1.0,1.0,1.0,1.0
q5/res/nr_G12-23_dsalc_f075_gen2:nr.G12-23.dsalc.f0.75.gen2,q5/res/preds/nr_G12-23_dsalc_f075_gen2.json,2421,1.0,1.0,1.0,1.0,1.0,1.0
q5/res/nr_L12-23_dsalc_f05:nr.L12-23.dsalc.f0.5,q5/res/preds/nr_L12-23_dsalc_f05.json,2421,1.0,1.0,1.0,1.0,1.0,1.0
q5/res/s24_L12-22_sgptd_bf16n_s:s24.L12-22.sgptd.bf16n.s,q5/res/preds/s24_L12-22_sgptd_bf16n_s.json,2421,1.0,1.0,1.0,1.0,1.0,1.0
q5/res/s24_L12-22_sgptd_bf16n_s_bank:s24.L12-22.sgptd.bf16n.s.bank,q5/res/preds/s24_L12-22_sgptd_bf16n_s_bank.json,2421,1.0,1.0,1.0,1.0,1.0,1.0
m1/d3small,m1/preds/d3small.jsonl,2421,1.0,1.0,1.0,1.0,1.0,1.0
m1/d3small.preds,m1/preds/d3small.preds.json,2421,1.0,1.0,1.0,1.0,1.0,1.0
m1/merged,m1/preds/merged.jsonl,2421,1.0,1.0,1.0,1.0,1.0,1.0
m1/merged.preds,m1/preds/merged.preds.json,2421,1.0,1.0,1.0,1.0,1.0,1.0
m1/transfer,m1/preds/transfer.jsonl,2421,1.0,1.0,1.0,1.0,1.0,1.0
m1/transfer.preds,m1/preds/transfer.preds.json,2421,1.0,1.0,1.0,1.0,1.0,1.0
m1/untrained_full,m1/preds/untrained_full.jsonl,2421,1.0,1.0,1.0,1.0,1.0,1.0
m1/untrained_full.preds,m1/preds/untrained_full.preds.json,2421,1.0,1.0,1.0,1.0,1.0,1.0
m2/res/full/C_k12,m2/res/full/C_k12.json,2421,1.0,1.0,1.0,1.0,1.0,1.0
m2/res/full/C_k8,m2/res/full/C_k8.json,2421,1.0,1.0,1.0,1.0,1.0,1.0
m2/res/full/N2_k12,m2/res/full/N2_k12.json,2421,1.0,1.0,1.0,1.0,1.0,1.0
m2/res/full/N2_k8,m2/res/full/N2_k8.json,2421,1.0,1.0,1.0,1.0,1.0,1.0
m2/res/full/N_k12,m2/res/full/N_k12.json,2421,1.0,1.0,1.0,1.0,1.0,1.0
m2/res/full/N_k8,m2/res/full/N_k8.json,2421,1.0,1.0,1.0,1.0,1.0,1.0
m2/res/tf1/const,m2/res/tf1/const.json,966,0.563,0.693,0.195,0.299,0.375,1.0
m2/res/tf1/const_f12,m2/res/tf1/const_f12.json,966,0.563,0.693,0.195,0.299,0.375,1.0
m2/res/tf1/f12,m2/res/tf1/f12.json,966,0.563,0.693,0.195,0.299,0.375,1.0
m2/res/tf1/f8,m2/res/tf1/f8.json,966,0.563,0.693,0.195,0.299,0.375,1.0
m2/res/tf1/iso_b256,m2/res/tf1/iso_b256.json,966,0.563,0.693,0.195,0.299,0.375,1.0
m2/res/tf1/iso_nat,m2/res/tf1/iso_nat.json,966,0.563,0.693,0.195,0.299,0.375,1.0
m2/res/tf1/iso_sec,m2/res/tf1/iso_sec.json,966,0.563,0.693,0.195,0.299,0.375,1.0
m2/res/tf1/nat0,m2/res/tf1/nat0.json,966,0.563,0.693,0.195,0.299,0.375,1.0
m2/res/tf1/nat_attn,m2/res/tf1/nat_attn.json,966,0.563,0.693,0.195,0.299,0.375,1.0
m2/res/tf1/nat_f12,m2/res/tf1/nat_f12.json,966,0.563,0.693,0.195,0.299,0.375,1.0
m2/res/tf1/nat_f8,m2/res/tf1/nat_f8.json,966,0.563,0.693,0.195,0.299,0.375,1.0
m2/res/tf1/nat_gdn,m2/res/tf1/nat_gdn.json,966,0.563,0.693,0.195,0.299,0.375,1.0
m2/res/tf1/nat_ge16,m2/res/tf1/nat_ge16.json,966,0.563,0.693,0.195,0.299,0.375,1.0
m2/res/tf1/nat_ge8,m2/res/tf1/nat_ge8.json,966,0.563,0.693,0.195,0.299,0.375,1.0
m2/res/tf1/nat_glob,m2/res/tf1/nat_glob.json,966,0.563,0.693,0.195,0.299,0.375,1.0
m2/res/tf1/nat_lt8,m2/res/tf1/nat_lt8.json,966,0.563,0.693,0.195,0.299,0.375,1.0
m2/res/tf1/nat_sum,m2/res/tf1/nat_sum.json,966,0.563,0.693,0.195,0.299,0.375,1.0
m2/res/tf1/nat_zero,m2/res/tf1/nat_zero.json,966,0.563,0.693,0.195,0.299,0.375,1.0
m2/res/tf1/topk16,m2/res/tf1/topk16.json,966,0.563,0.693,0.195,0.299,0.375,1.0
m2/res/tf1/topk256,m2/res/tf1/topk256.json,966,0.563,0.693,0.195,0.299,0.375,1.0
m2/res/tf1/topk64,m2/res/tf1/topk64.json,966,0.563,0.693,0.195,0.299,0.375,1.0
n1/npreds_n11,n1/results/npreds_n11.jsonl,777,1.0,0.253,0.0,0.224,0.237,0.275
n1/npreds_n8,n1/results/npreds_n8.jsonl,777,1.0,0.253,0.0,0.224,0.237,0.275
