run,n,n_tasks,accuracy,ece,nll,noul_accuracy,choice_accuracy,score_accuracy,noul_n,choice_n,score_n,source
v4,6000,18,0.8565,0.0679,0.4027,0.9427,0.9385,0.5907,2410,2146,1444,reports/indist_v4.json
v5,6000,21,0.8592,0.0528,0.3846,0.933,0.9389,0.5753,2864,1867,1269,reports/indist_v5.json
v7,6000,21,0.8655,0.0836,0.3662,0.9396,0.947,0.5784,2864,1867,1269,reports/v7_indist.json
v13,6000,21,0.8858,0.0638,0.3312,0.9605,0.9593,0.6091,2864,1867,1269,reports/hobson-2b-v13_indist.json
v14,6000,21,0.888,0.0722,0.3397,0.9612,0.9598,0.617,2864,1867,1269,reports/hobson-2b-v14_indist.json
v16,6000,21,0.8827,0.1476,0.3826,0.9637,0.9588,0.5879,2864,1867,1269,reports/hobson-2b-v16_indist.json
v17,6000,21,0.8855,0.1033,0.3455,0.9612,0.9566,0.6099,2864,1867,1269,reports/hobson-2b-v17_indist.json
v18,6000,21,0.8858,0.0973,0.351,0.9623,0.9539,0.6131,2864,1867,1269,reports/hobson-2b-v18_indist.json
scaling: 1.7B,6000,14,0.8483,0.0995,0.4864,0.9557,0.9442,0.6077,1603,2633,1764,reports/indist_head_linear.json
"scaling: 1.7B, MLP head",6000,14,0.8483,0.0877,0.4807,0.9551,0.9427,0.6105,1603,2633,1764,reports/indist_head_mlp512.json
scaling: 4B,6000,14,0.8512,0.0282,0.3918,0.9682,0.9438,0.6066,1603,2633,1764,reports/indist_head_4b.json
