run,source,n,accuracy,measured_by
v13,boardgame,,0.519,PREREGISTRATION-v14.md
v13,contractnli,,0.564,PREREGISTRATION-v14.md
v13,hotpotqa,,0.705,PREREGISTRATION-v14.md
v13,musique,,0.202,PREREGISTRATION-v14.md
v14,boardgame,900,0.7522,reports/v14_multistep_v14_eval.json
v14,contractnli,1026,0.8421,reports/v14_multistep_v14_eval.json
v14,hotpotqa,959,0.7497,reports/v14_multistep_v14_eval.json
v14,musique,1199,0.8524,reports/v14_multistep_v14_eval.json
v15,boardgame,900,0.7733,reports/v15_multistep_v14_eval.json
v15,contractnli,1026,0.8372,reports/v15_multistep_v14_eval.json
v15,hotpotqa,959,0.7539,reports/v15_multistep_v14_eval.json
v15,musique,1199,0.8282,reports/v15_multistep_v14_eval.json
v16,boardgame,900,0.7567,reports/v16_multistep_v14_eval.json
v16,contractnli,1026,0.8402,reports/v16_multistep_v14_eval.json
v16,hotpotqa,959,0.7122,reports/v16_multistep_v14_eval.json
v16,musique,1199,0.8265,reports/v16_multistep_v14_eval.json
v17,boardgame,900,0.8167,reports/v17_multistep_v14_eval.json
v17,contractnli,1026,0.8645,reports/v17_multistep_v14_eval.json
v17,hotpotqa,959,0.7226,reports/v17_multistep_v14_eval.json
v17,musique,1199,0.8799,reports/v17_multistep_v14_eval.json
v18,boardgame,900,0.8011,reports/v18_multistep_v14_eval.json
v18,contractnli,1026,0.8665,reports/v18_multistep_v14_eval.json
v18,hotpotqa,959,0.7049,reports/v18_multistep_v14_eval.json
v18,musique,1199,0.8916,reports/v18_multistep_v14_eval.json
v19,boardgame,900,0.81,reports/v19_multistep_v14_eval.json
v19,contractnli,1026,0.8616,reports/v19_multistep_v14_eval.json
v19,hotpotqa,959,0.7258,reports/v19_multistep_v14_eval.json
v19,musique,1199,0.8791,reports/v19_multistep_v14_eval.json
v14,generated (held-out domains),350,0.6457,reports/v14_generated_v16_eval.json
v14,gen:all_conditions,34,0.5294,reports/v14_generated_v16_eval.json
v14,gen:dates,31,0.6452,reports/v14_generated_v16_eval.json
v14,gen:exception,37,0.6757,reports/v14_generated_v16_eval.json
v14,gen:lookup_chain,40,0.75,reports/v14_generated_v16_eval.json
v14,gen:numbers,33,0.7273,reports/v14_generated_v16_eval.json
v14,gen:precedence,36,0.6389,reports/v14_generated_v16_eval.json
v14,gen:rubric,34,0.5882,reports/v14_generated_v16_eval.json
v14,gen:surface_trap,48,0.7083,reports/v14_generated_v16_eval.json
v14,gen:tradeoff,40,0.675,reports/v14_generated_v16_eval.json
v14,gen:underdetermined,17,0.2941,reports/v14_generated_v16_eval.json
v16,generated (held-out domains),350,0.8371,reports/v16_generated_v16_eval.json
v16,gen:all_conditions,34,0.7941,reports/v16_generated_v16_eval.json
v16,gen:dates,31,0.8387,reports/v16_generated_v16_eval.json
v16,gen:exception,37,0.9189,reports/v16_generated_v16_eval.json
v16,gen:lookup_chain,40,0.825,reports/v16_generated_v16_eval.json
v16,gen:numbers,33,0.7879,reports/v16_generated_v16_eval.json
v16,gen:precedence,36,0.9167,reports/v16_generated_v16_eval.json
v16,gen:rubric,34,0.7941,reports/v16_generated_v16_eval.json
v16,gen:surface_trap,48,0.9375,reports/v16_generated_v16_eval.json
v16,gen:tradeoff,40,0.75,reports/v16_generated_v16_eval.json
v16,gen:underdetermined,17,0.7059,reports/v16_generated_v16_eval.json
v17,generated (held-out domains),350,0.84,reports/v17_generated_v16_eval.json
v17,gen:all_conditions,34,0.7941,reports/v17_generated_v16_eval.json
v17,gen:dates,31,0.7742,reports/v17_generated_v16_eval.json
v17,gen:exception,37,0.973,reports/v17_generated_v16_eval.json
v17,gen:lookup_chain,40,0.875,reports/v17_generated_v16_eval.json
v17,gen:numbers,33,0.7879,reports/v17_generated_v16_eval.json
v17,gen:precedence,36,0.8889,reports/v17_generated_v16_eval.json
v17,gen:rubric,34,0.7941,reports/v17_generated_v16_eval.json
v17,gen:surface_trap,48,0.9167,reports/v17_generated_v16_eval.json
v17,gen:tradeoff,40,0.775,reports/v17_generated_v16_eval.json
v17,gen:underdetermined,17,0.7059,reports/v17_generated_v16_eval.json
v18,generated (held-out domains),350,0.8629,reports/v18_generated_v16_eval.json
v18,gen:all_conditions,34,0.8824,reports/v18_generated_v16_eval.json
v18,gen:dates,31,0.8065,reports/v18_generated_v16_eval.json
v18,gen:exception,37,0.9459,reports/v18_generated_v16_eval.json
v18,gen:lookup_chain,40,0.85,reports/v18_generated_v16_eval.json
v18,gen:numbers,33,0.8182,reports/v18_generated_v16_eval.json
v18,gen:precedence,36,0.8889,reports/v18_generated_v16_eval.json
v18,gen:rubric,34,0.8235,reports/v18_generated_v16_eval.json
v18,gen:surface_trap,48,0.9583,reports/v18_generated_v16_eval.json
v18,gen:tradeoff,40,0.8,reports/v18_generated_v16_eval.json
v18,gen:underdetermined,17,0.7647,reports/v18_generated_v16_eval.json
v19,generated (held-out domains),350,0.8457,reports/v19_generated_v16_eval.json
v19,gen:all_conditions,34,0.7647,reports/v19_generated_v16_eval.json
v19,gen:dates,31,0.8065,reports/v19_generated_v16_eval.json
v19,gen:exception,37,0.973,reports/v19_generated_v16_eval.json
v19,gen:lookup_chain,40,0.85,reports/v19_generated_v16_eval.json
v19,gen:numbers,33,0.8182,reports/v19_generated_v16_eval.json
v19,gen:precedence,36,0.9167,reports/v19_generated_v16_eval.json
v19,gen:rubric,34,0.8235,reports/v19_generated_v16_eval.json
v19,gen:surface_trap,48,0.9167,reports/v19_generated_v16_eval.json
v19,gen:tradeoff,40,0.775,reports/v19_generated_v16_eval.json
v19,gen:underdetermined,17,0.7059,reports/v19_generated_v16_eval.json
