order,run,kind,parent,torso,change,jevbench_date,n_correct,accuracy,macro_accuracy,ece,brier,ordinal_mae,paraphrase_consistency,latency_p50_s,latency_p95_s,easy_correct,standard_correct,hard_correct,easy_n,standard_n,hard_n,source
0,v5,default,v4,Qwen3-1.7B-Base,"RuleTaker compositional rows; 3,072-token window",2026-09-22,147,0.6364,0.6231,0.0924,0.4623,0.6595,0.6389,0.247,0.59,48,55,44,48,72,111,jb_3072o/summary.json
1,v6,default,v5,Qwen3-1.7B-Base,slot head seeded from the LM's digit rows + KL anchor to the frozen torso,2026-09-22,150,0.6494,0.6355,0.0896,0.4623,0.6059,0.7778,0.234,0.578,48,58,44,48,72,111,jb_v6c/summary.json
2,v7,default,v6,Qwen3-1.7B-Base,pointer readout,2026-09-22,154,0.6667,0.6601,0.0678,0.4422,0.5922,0.8333,0.246,0.583,48,60,46,48,72,111,jb_v7/summary.json
3,v8,experiment,v7,Qwen3-1.7B,instruction-tuned torso,2026-09-23,152,0.658,0.6381,0.0531,0.4554,0.6772,0.7778,0.235,0.583,48,56,48,48,72,111,jb_v8/summary.json
4,v9,experiment,v7,Qwen3-1.7B-Base,+20k generated rule-execution documents,2026-09-23,152,0.658,0.643,0.058,0.4481,0.556,0.8333,0.222,0.591,48,62,42,48,72,111,jb_v9/summary.json
5,v10,experiment,v7,Qwen3-1.7B-Base,+20k generated minimal pairs,2026-09-23,145,0.6277,0.6196,0.0605,0.4696,0.5931,0.8056,0.223,0.568,48,59,38,48,72,111,jb_v10/summary.json
6,v11a,experiment,v7,Qwen3-1.7B-Base,question transforms replace 30% of the corpus,2026-09-24,143,0.619,0.607,0.0822,0.4654,0.7328,0.8333,0.33,1.578,48,54,41,48,72,111,jb_v11a/summary.json
7,v11b,experiment,v7,Qwen3-1.7B-Base,KL toward the frozen torso on changed questions,2026-09-24,144,0.6234,0.5983,0.0953,0.4713,0.6036,0.7778,0.224,0.576,48,56,40,48,72,111,jb_v11b/summary.json
8,v12,experiment,v7,Qwen3-1.7B-Base,distilled from a frozen Qwen3.5-4B,2026-09-24,146,0.632,0.623,0.0934,0.4542,0.5523,0.8056,0.222,0.577,48,55,43,48,72,111,jb_v12/summary.json
9,v13,default,v7,Qwen3.5-2B-Base,Qwen3.5-2B-Base torso,2026-09-25,157,0.6797,0.6847,0.0853,0.4645,0.6211,0.8333,0.106,0.291,48,60,49,48,72,111,jb_v13/summary.json
10,v14,default,v13,Qwen3.5-2B-Base,"+12,909 multi-step rows with a 4B teacher",2026-09-25,161,0.697,0.6898,0.0855,0.4383,0.6446,0.8611,0.111,0.296,48,61,52,48,72,111,jb_v14/summary.json
11,v15,experiment,v14,Qwen3.5-2B-Base,"+4,566 ShARC / ConditionalQA rows",2026-09-25,160,0.6926,0.6881,0.0633,0.398,0.6372,0.8889,0.109,0.286,48,62,50,48,72,111,jb_v15/summary.json
12,v16,default,v14,Qwen3.5-2B-Base,"+2,148 generated document questions",2026-09-26,163,0.7056,0.7154,0.0694,0.3961,0.6638,0.8333,0.106,0.287,48,60,55,48,72,111,jb_v16/summary.json
13,v17,default,v16,Qwen3.5-2B-Base,v16 with its multi-step rows replayed toward v14's own answers,2026-09-27,164,0.71,0.7195,0.0828,0.3924,0.5708,0.8056,0.1,0.289,48,61,55,48,72,111,jb_v17/summary.json
14,v18,default,v17,Qwen3.5-2B-Base,"v17 + 1,667 generated questions on the weak skills",2026-09-27,164,0.71,0.7106,0.0789,0.3882,0.6443,0.8333,0.107,0.298,48,60,56,48,72,111,jb_v18/summary.json
15,v19,default,v18,Qwen3.5-2B-Base,"v18 + 6,166 answer-adequacy rows (HelpSteer2 and generated)",2026-09-28,167,0.7229,0.7254,0.0522,0.3421,0.427,0.8611,0.115,0.299,48,63,56,48,72,111,jb_v19/summary.json
16,v5 @1024,side,,,"v5 at the old 1,024-token window",2026-09-21,145,0.6277,0.6146,0.1347,0.4959,0.6414,0.6389,0.244,0.268,48,55,42,48,72,111,jb_v5/summary.json
17,v5 @1024 +fix,side,,,"v5, question reserved before truncating the state, 1,024 window",2026-09-21,146,0.632,0.6234,0.0794,0.4602,0.6563,0.6389,0.246,0.272,48,55,43,48,72,111,jb_fix/summary.json
18,v5 @4096,side,,,"v5 at a 4,096-token window",2026-09-22,147,0.6364,0.6231,0.0958,0.4621,0.6618,0.6389,0.248,0.61,48,55,44,48,72,111,jb_4096/summary.json
19,v6 uncalibrated,side,,,v6 before temperature fitting,2026-09-22,150,0.6494,0.6355,0.095,0.4501,0.5683,0.7778,0.234,0.584,48,58,44,48,72,111,jb_v6/summary.json
20,v6 arm: instruct,side,,,"v5 corpus, instruct torso",2026-09-22,143,0.619,0.5884,0.1216,0.4771,0.5746,0.8611,0.347,1.528,48,55,40,48,72,111,jb_arm_instruct/summary.json
21,v6 arm: lm_head,side,,,"v5 corpus, head seeded from LM digit rows",2026-09-22,148,0.6407,0.6232,0.0864,0.4729,0.5492,0.6944,0.347,1.556,48,57,43,48,72,111,jb_arm_lmhead/summary.json
22,v6 arm: KL,side,,,"v5 corpus, KL anchor to the frozen torso",2026-09-22,148,0.6407,0.6128,0.0851,0.4595,0.5781,0.75,0.248,0.621,48,59,41,48,72,111,jb_arm_kl/summary.json
23,scaling: 1.7B,side,,,"controlled scaling test, Qwen3-1.7B",2026-09-22,148,0.6407,0.6273,0.0827,0.4815,0.7103,0.7778,0.356,0.562,48,56,44,48,72,111,jb_head17/summary.json
24,scaling: 4B,side,,,"controlled scaling test, Qwen3-4B",2026-09-22,158,0.684,0.6755,0.0795,0.4343,0.4712,0.7778,0.464,1.067,48,60,50,48,72,111,jb_head4b/summary.json
25,v14 prefix cache,side,,,v14 served through the shared-prefix cache,2026-09-26,160,0.6926,0.6851,0.0876,0.4384,0.6442,0.8333,0.204,0.378,48,60,52,48,72,111,jb_v14pc/summary.json
26,decider-2b v10,reference,,,"Mapika decider-2b v10, same Qwen3.5-2B-Base torso",2026-09-25,162,0.7013,0.6817,0.1445,0.4405,0.4279,0.9167,0.039,0.243,48,63,51,48,72,111,jb_dv10/summary.json
27,decider-2b v11,reference,,,Mapika decider-2b v11: v10 + document-question stage,2026-09-25,175,0.7576,0.7626,0.0702,0.3216,0.2583,0.9444,0.039,0.245,48,64,63,48,72,111,jb_dv11/summary.json
28,"Qwen3.5-4B, frozen",reference,,,frozen model read through the chat template (SemIf),2026-09-24,186,0.8052,0.8021,0.0557,0.2524,0.2612,0.9722,0.137,0.747,47,71,68,48,72,111,jb_semif35/summary.json
29,"Qwen3.5-2B, frozen",reference,,,frozen model read through the chat template (SemIf),2026-09-24,152,0.658,0.6627,0.1501,0.4809,0.4223,0.8333,0.169,1.082,48,54,50,48,72,111,jb_semif35_2b/summary.json
30,"Qwen3-8B, frozen",reference,,,frozen model read through the chat template (SemIf),2026-09-24,158,0.684,0.6572,0.3054,0.6127,0.3756,0.7778,0.098,1.348,48,60,50,48,72,111,jb_semif8/summary.json
31,"Qwen3-1.7B, frozen",reference,,,frozen model read through the chat template (SemIf),2026-09-22,129,0.5584,0.5567,0.4125,0.8422,0.9345,0.7222,0.067,0.478,43,42,44,48,72,111,jb_semif17/summary.json
