run,step,kind,loss,ce,kl_frozen,kl_teacher,kl_frozen_weight,teacher_weight,val_loss,val_acc,source
v17,20,train,1.59182,1.37842,0.26398,0.1342,0.3,1.0,,,checkpoints/hobson-2b-v17/history.json
v17,40,train,1.39947,1.24845,0.21341,0.087,0.3,1.0,,,checkpoints/hobson-2b-v17/history.json
v17,60,train,1.03646,0.91954,0.27576,0.03419,0.3,1.0,,,checkpoints/hobson-2b-v17/history.json
v17,80,train,0.96129,0.74781,0.31444,0.11915,0.3,1.0,,,checkpoints/hobson-2b-v17/history.json
v17,100,train,0.97787,0.77747,0.33807,0.09898,0.3,1.0,,,checkpoints/hobson-2b-v17/history.json
v17,120,train,0.87295,0.68925,0.4034,0.06267,0.3,1.0,,,checkpoints/hobson-2b-v17/history.json
v17,140,train,0.83098,0.67578,0.27056,0.07403,0.3,1.0,,,checkpoints/hobson-2b-v17/history.json
v17,160,train,0.91741,0.7023,0.45936,0.0773,0.3,1.0,,,checkpoints/hobson-2b-v17/history.json
v17,180,train,0.82194,0.66818,0.35187,0.0482,0.3,1.0,,,checkpoints/hobson-2b-v17/history.json
v17,200,train,0.81054,0.63994,0.40522,0.04903,0.3,1.0,,,checkpoints/hobson-2b-v17/history.json
v17,220,train,0.789,0.6226,0.38374,0.05128,0.3,1.0,,,checkpoints/hobson-2b-v17/history.json
v17,240,train,0.80954,0.65836,0.34939,0.04637,0.3,1.0,,,checkpoints/hobson-2b-v17/history.json
v17,260,train,0.78857,0.63794,0.39681,0.03159,0.3,1.0,,,checkpoints/hobson-2b-v17/history.json
v17,280,train,0.76767,0.59372,0.3643,0.06467,0.3,1.0,,,checkpoints/hobson-2b-v17/history.json
v17,300,train,0.71476,0.56575,0.35879,0.04138,0.3,1.0,,,checkpoints/hobson-2b-v17/history.json
v17,320,train,0.769,0.5983,0.40713,0.04856,0.3,1.0,,,checkpoints/hobson-2b-v17/history.json
v17,340,train,0.76138,0.59821,0.38099,0.04888,0.3,1.0,,,checkpoints/hobson-2b-v17/history.json
v17,360,train,0.71682,0.55202,0.39951,0.04495,0.3,1.0,,,checkpoints/hobson-2b-v17/history.json
v17,380,train,0.63156,0.48835,0.37495,0.03072,0.3,1.0,,,checkpoints/hobson-2b-v17/history.json
v17,400,train,0.70651,0.56398,0.30134,0.05213,0.3,1.0,,,checkpoints/hobson-2b-v17/history.json
v17,420,train,0.67054,0.52635,0.37483,0.03173,0.3,1.0,,,checkpoints/hobson-2b-v17/history.json
v17,440,train,0.6395,0.5081,0.35838,0.02388,0.3,1.0,,,checkpoints/hobson-2b-v17/history.json
v17,460,train,0.59136,0.46978,0.35871,0.01396,0.3,1.0,,,checkpoints/hobson-2b-v17/history.json
v17,480,train,0.61966,0.50925,0.293,0.0225,0.3,1.0,,,checkpoints/hobson-2b-v17/history.json
v17,500,train,0.6734,0.51803,0.40366,0.03427,0.3,1.0,,,checkpoints/hobson-2b-v17/history.json
v17,500,val,,,,,0.3,1.0,0.50433,0.81,checkpoints/hobson-2b-v17/history.json
v17,520,train,0.62317,0.49664,0.32531,0.02893,0.3,1.0,,,checkpoints/hobson-2b-v17/history.json
v17,540,train,0.64338,0.50783,0.30634,0.04365,0.3,1.0,,,checkpoints/hobson-2b-v17/history.json
v17,560,train,0.62791,0.47837,0.38671,0.03353,0.3,1.0,,,checkpoints/hobson-2b-v17/history.json
v17,580,train,0.59477,0.47355,0.33259,0.02145,0.3,1.0,,,checkpoints/hobson-2b-v17/history.json
v17,600,train,0.63161,0.49099,0.35483,0.03418,0.3,1.0,,,checkpoints/hobson-2b-v17/history.json
v17,620,train,0.64605,0.53519,0.30325,0.01988,0.3,1.0,,,checkpoints/hobson-2b-v17/history.json
v17,640,train,0.57712,0.4544,0.32009,0.0267,0.3,1.0,,,checkpoints/hobson-2b-v17/history.json
v17,660,train,0.5908,0.47339,0.33592,0.01663,0.3,1.0,,,checkpoints/hobson-2b-v17/history.json
v17,680,train,0.61695,0.49605,0.34057,0.01873,0.3,1.0,,,checkpoints/hobson-2b-v17/history.json
v17,700,train,0.6713,0.52827,0.35836,0.03552,0.3,1.0,,,checkpoints/hobson-2b-v17/history.json
v17,720,train,0.64718,0.51937,0.34851,0.02325,0.3,1.0,,,checkpoints/hobson-2b-v17/history.json
v17,740,train,0.62849,0.52316,0.26352,0.02627,0.3,1.0,,,checkpoints/hobson-2b-v17/history.json
v17,760,train,0.57515,0.44691,0.36581,0.0185,0.3,1.0,,,checkpoints/hobson-2b-v17/history.json
v17,780,train,0.62978,0.52444,0.28743,0.01911,0.3,1.0,,,checkpoints/hobson-2b-v17/history.json
v17,800,train,0.67752,0.52917,0.39414,0.03011,0.3,1.0,,,checkpoints/hobson-2b-v17/history.json
v17,820,train,0.59241,0.47883,0.31327,0.01959,0.3,1.0,,,checkpoints/hobson-2b-v17/history.json
v17,840,train,0.60956,0.48902,0.34107,0.01822,0.3,1.0,,,checkpoints/hobson-2b-v17/history.json
v17,860,train,0.67253,0.56698,0.29082,0.0183,0.3,1.0,,,checkpoints/hobson-2b-v17/history.json
v17,880,train,0.60183,0.48371,0.34148,0.01568,0.3,1.0,,,checkpoints/hobson-2b-v17/history.json
v17,900,train,0.63013,0.51885,0.31684,0.01622,0.3,1.0,,,checkpoints/hobson-2b-v17/history.json
v17,920,train,0.57392,0.46405,0.34088,0.00761,0.3,1.0,,,checkpoints/hobson-2b-v17/history.json
v17,940,train,0.62762,0.51447,0.29791,0.02378,0.3,1.0,,,checkpoints/hobson-2b-v17/history.json
v17,960,train,0.57524,0.4827,0.27215,0.01089,0.3,1.0,,,checkpoints/hobson-2b-v17/history.json
v17,980,train,0.61356,0.4806,0.37303,0.02105,0.3,1.0,,,checkpoints/hobson-2b-v17/history.json
v17,1000,train,0.53546,0.42827,0.30864,0.0146,0.3,1.0,,,checkpoints/hobson-2b-v17/history.json
v17,1000,val,,,,,0.3,1.0,0.46301,0.8525,checkpoints/hobson-2b-v17/history.json
v17,1020,train,0.54547,0.42811,0.3461,0.01353,0.3,1.0,,,checkpoints/hobson-2b-v17/history.json
v17,1040,train,0.56535,0.45704,0.3288,0.00967,0.3,1.0,,,checkpoints/hobson-2b-v17/history.json
v17,1060,train,0.59197,0.46633,0.34386,0.02249,0.3,1.0,,,checkpoints/hobson-2b-v17/history.json
v17,1080,train,0.56114,0.45103,0.32054,0.01394,0.3,1.0,,,checkpoints/hobson-2b-v17/history.json
v17,1100,train,0.55082,0.43155,0.35834,0.01177,0.3,1.0,,,checkpoints/hobson-2b-v17/history.json
v17,1120,train,0.55311,0.44847,0.31022,0.01157,0.3,1.0,,,checkpoints/hobson-2b-v17/history.json
v17,1140,train,0.53433,0.42246,0.33042,0.01275,0.3,1.0,,,checkpoints/hobson-2b-v17/history.json
v17,1160,train,0.65027,0.52541,0.32779,0.02652,0.3,1.0,,,checkpoints/hobson-2b-v17/history.json
v17,1180,train,0.54732,0.41251,0.40445,0.01348,0.3,1.0,,,checkpoints/hobson-2b-v17/history.json
v17,1200,train,0.61954,0.49773,0.3495,0.01697,0.3,1.0,,,checkpoints/hobson-2b-v17/history.json
v17,1220,train,0.5935,0.48159,0.31298,0.01801,0.3,1.0,,,checkpoints/hobson-2b-v17/history.json
v17,1240,train,0.56534,0.45054,0.34315,0.01186,0.3,1.0,,,checkpoints/hobson-2b-v17/history.json
v17,1260,train,0.55876,0.43995,0.34537,0.0152,0.3,1.0,,,checkpoints/hobson-2b-v17/history.json
v17,1280,train,0.56591,0.44983,0.33731,0.01489,0.3,1.0,,,checkpoints/hobson-2b-v17/history.json
v17,1300,train,0.57424,0.44233,0.36533,0.02231,0.3,1.0,,,checkpoints/hobson-2b-v17/history.json
v17,1320,train,0.60278,0.50623,0.27045,0.01542,0.3,1.0,,,checkpoints/hobson-2b-v17/history.json
v17,1340,train,0.59322,0.44927,0.3799,0.02998,0.3,1.0,,,checkpoints/hobson-2b-v17/history.json
v17,1360,train,0.54226,0.42152,0.34939,0.01593,0.3,1.0,,,checkpoints/hobson-2b-v17/history.json
v17,1380,train,0.59339,0.46755,0.33958,0.02396,0.3,1.0,,,checkpoints/hobson-2b-v17/history.json
v17,1400,train,0.57969,0.47514,0.30328,0.01357,0.3,1.0,,,checkpoints/hobson-2b-v17/history.json
v17,1420,train,0.57428,0.45211,0.36163,0.01368,0.3,1.0,,,checkpoints/hobson-2b-v17/history.json
v17,1440,train,0.59447,0.48873,0.28313,0.02081,0.3,1.0,,,checkpoints/hobson-2b-v17/history.json
v17,1460,train,0.59289,0.47884,0.33902,0.01235,0.3,1.0,,,checkpoints/hobson-2b-v17/history.json
v17,1480,train,0.5851,0.47543,0.32554,0.01201,0.3,1.0,,,checkpoints/hobson-2b-v17/history.json
v17,1500,train,0.56654,0.46127,0.29928,0.01549,0.3,1.0,,,checkpoints/hobson-2b-v17/history.json
v17,1500,val,,,,,0.3,1.0,0.40836,0.8425,checkpoints/hobson-2b-v17/history.json
v17,1520,train,0.50637,0.38858,0.35526,0.01121,0.3,1.0,,,checkpoints/hobson-2b-v17/history.json
v17,1540,train,0.52756,0.4144,0.32877,0.01453,0.3,1.0,,,checkpoints/hobson-2b-v17/history.json
v17,1560,train,0.60129,0.47075,0.37569,0.01784,0.3,1.0,,,checkpoints/hobson-2b-v17/history.json
v17,1580,train,0.56977,0.47085,0.28261,0.01414,0.3,1.0,,,checkpoints/hobson-2b-v17/history.json
v17,1600,train,0.54324,0.42986,0.32568,0.01567,0.3,1.0,,,checkpoints/hobson-2b-v17/history.json
v17,1620,train,0.55925,0.45858,0.29714,0.01153,0.3,1.0,,,checkpoints/hobson-2b-v17/history.json
v17,1640,train,0.54318,0.43167,0.32997,0.01252,0.3,1.0,,,checkpoints/hobson-2b-v17/history.json
v17,1660,train,0.52548,0.41872,0.34129,0.00437,0.3,1.0,,,checkpoints/hobson-2b-v17/history.json
v17,1680,train,0.51555,0.41297,0.29441,0.01426,0.3,1.0,,,checkpoints/hobson-2b-v17/history.json
v17,1700,train,0.5907,0.48199,0.32973,0.00979,0.3,1.0,,,checkpoints/hobson-2b-v17/history.json
v17,1720,train,0.54222,0.43713,0.30901,0.01239,0.3,1.0,,,checkpoints/hobson-2b-v17/history.json
v17,1740,train,0.51552,0.40665,0.33016,0.00982,0.3,1.0,,,checkpoints/hobson-2b-v17/history.json
v17,1760,train,0.60166,0.49324,0.32754,0.01015,0.3,1.0,,,checkpoints/hobson-2b-v17/history.json
v17,1780,train,0.6174,0.50612,0.3251,0.01375,0.3,1.0,,,checkpoints/hobson-2b-v17/history.json
v17,1800,train,0.55633,0.45163,0.31438,0.01039,0.3,1.0,,,checkpoints/hobson-2b-v17/history.json
v17,1820,train,0.55231,0.44215,0.32409,0.01293,0.3,1.0,,,checkpoints/hobson-2b-v17/history.json
v17,1840,train,0.53451,0.41587,0.34769,0.01434,0.3,1.0,,,checkpoints/hobson-2b-v17/history.json
v17,1860,train,0.5768,0.45215,0.38311,0.00971,0.3,1.0,,,checkpoints/hobson-2b-v17/history.json
v17,1880,train,0.56796,0.47099,0.29846,0.00744,0.3,1.0,,,checkpoints/hobson-2b-v17/history.json
v17,1900,train,0.55955,0.44995,0.32254,0.01284,0.3,1.0,,,checkpoints/hobson-2b-v17/history.json
v17,1920,train,0.4811,0.36988,0.32429,0.01393,0.3,1.0,,,checkpoints/hobson-2b-v17/history.json
v17,1940,train,0.55432,0.43466,0.36268,0.01086,0.3,1.0,,,checkpoints/hobson-2b-v17/history.json
v17,1960,train,0.54576,0.4259,0.35987,0.0119,0.3,1.0,,,checkpoints/hobson-2b-v17/history.json
v17,1980,train,0.52827,0.41687,0.34883,0.00676,0.3,1.0,,,checkpoints/hobson-2b-v17/history.json
v17,2000,train,0.57927,0.47632,0.29309,0.01503,0.3,1.0,,,checkpoints/hobson-2b-v17/history.json
v17,2000,val,,,,,0.3,1.0,0.41187,0.85,checkpoints/hobson-2b-v17/history.json
v17,2020,train,0.51879,0.39593,0.35169,0.01736,0.3,1.0,,,checkpoints/hobson-2b-v17/history.json
v17,2040,train,0.51724,0.41248,0.32044,0.00862,0.3,1.0,,,checkpoints/hobson-2b-v17/history.json
v17,2060,train,0.53465,0.42813,0.32657,0.00856,0.3,1.0,,,checkpoints/hobson-2b-v17/history.json
v17,2080,train,0.50258,0.40901,0.29228,0.00589,0.3,1.0,,,checkpoints/hobson-2b-v17/history.json
v17,2100,train,0.48164,0.37492,0.33653,0.00576,0.3,1.0,,,checkpoints/hobson-2b-v17/history.json
v17,2120,train,0.55166,0.42858,0.3558,0.01633,0.3,1.0,,,checkpoints/hobson-2b-v17/history.json
v17,2140,train,0.50989,0.39542,0.33866,0.01287,0.3,1.0,,,checkpoints/hobson-2b-v17/history.json
v17,2160,train,0.55595,0.44213,0.33528,0.01323,0.3,1.0,,,checkpoints/hobson-2b-v17/history.json
v17,2180,train,0.54957,0.45833,0.28216,0.00659,0.3,1.0,,,checkpoints/hobson-2b-v17/history.json
v17,2200,train,0.52,0.41939,0.32236,0.0039,0.3,1.0,,,checkpoints/hobson-2b-v17/history.json
v17,2220,train,0.50835,0.40101,0.34445,0.004,0.3,1.0,,,checkpoints/hobson-2b-v17/history.json
v17,2240,train,0.53698,0.42442,0.34082,0.01031,0.3,1.0,,,checkpoints/hobson-2b-v17/history.json
v17,2260,train,0.54375,0.43987,0.32077,0.00765,0.3,1.0,,,checkpoints/hobson-2b-v17/history.json
v17,2280,train,0.58354,0.46591,0.35602,0.01083,0.3,1.0,,,checkpoints/hobson-2b-v17/history.json
v17,2300,train,0.50228,0.3764,0.3724,0.01415,0.3,1.0,,,checkpoints/hobson-2b-v17/history.json
v17,2320,train,0.4931,0.39082,0.32505,0.00477,0.3,1.0,,,checkpoints/hobson-2b-v17/history.json
v17,2340,train,0.54908,0.443,0.31795,0.01071,0.3,1.0,,,checkpoints/hobson-2b-v17/history.json
v17,2360,train,0.55021,0.43486,0.34793,0.01098,0.3,1.0,,,checkpoints/hobson-2b-v17/history.json
v17,2380,train,0.523,0.42881,0.29271,0.00638,0.3,1.0,,,checkpoints/hobson-2b-v17/history.json
v17,2400,train,0.52572,0.42438,0.31602,0.00654,0.3,1.0,,,checkpoints/hobson-2b-v17/history.json
v17,2420,train,0.51715,0.40995,0.33546,0.00657,0.3,1.0,,,checkpoints/hobson-2b-v17/history.json
v17,2440,train,0.54439,0.42393,0.35405,0.01424,0.3,1.0,,,checkpoints/hobson-2b-v17/history.json
v17,2460,train,0.51263,0.399,0.35449,0.00728,0.3,1.0,,,checkpoints/hobson-2b-v17/history.json
v17,2480,train,0.56675,0.45427,0.3428,0.00964,0.3,1.0,,,checkpoints/hobson-2b-v17/history.json
v17,2500,train,0.51152,0.39362,0.36462,0.00851,0.3,1.0,,,checkpoints/hobson-2b-v17/history.json
v17,2500,val,,,,,0.3,1.0,0.41284,0.8675,checkpoints/hobson-2b-v17/history.json
v17,2520,train,0.50471,0.39259,0.34139,0.0097,0.3,1.0,,,checkpoints/hobson-2b-v17/history.json
v17,2540,train,0.55808,0.45949,0.29005,0.01157,0.3,1.0,,,checkpoints/hobson-2b-v17/history.json
v17,2560,train,0.53532,0.4386,0.30256,0.00596,0.3,1.0,,,checkpoints/hobson-2b-v17/history.json
v17,2580,train,0.47569,0.38202,0.28861,0.00709,0.3,1.0,,,checkpoints/hobson-2b-v17/history.json
v17,2600,train,0.51652,0.40872,0.33135,0.0084,0.3,1.0,,,checkpoints/hobson-2b-v17/history.json
v17,2620,train,0.54259,0.42578,0.36226,0.00813,0.3,1.0,,,checkpoints/hobson-2b-v17/history.json
v17,2640,train,0.53625,0.4263,0.33557,0.00929,0.3,1.0,,,checkpoints/hobson-2b-v17/history.json
v17,2660,train,0.5441,0.44497,0.28893,0.01245,0.3,1.0,,,checkpoints/hobson-2b-v17/history.json
v17,2680,train,0.49147,0.38138,0.33249,0.01034,0.3,1.0,,,checkpoints/hobson-2b-v17/history.json
v17,2700,train,0.53784,0.40608,0.41206,0.00814,0.3,1.0,,,checkpoints/hobson-2b-v17/history.json
v17,2720,train,0.52576,0.4236,0.32349,0.00511,0.3,1.0,,,checkpoints/hobson-2b-v17/history.json
v17,2740,train,0.53685,0.43942,0.30228,0.00674,0.3,1.0,,,checkpoints/hobson-2b-v17/history.json
v17,2760,train,0.53977,0.43595,0.32935,0.00501,0.3,1.0,,,checkpoints/hobson-2b-v17/history.json
v17,2780,train,0.52532,0.41984,0.33133,0.00608,0.3,1.0,,,checkpoints/hobson-2b-v17/history.json
v17,2800,train,0.53022,0.40544,0.38752,0.00853,0.3,1.0,,,checkpoints/hobson-2b-v17/history.json
v17,2820,train,0.52939,0.41554,0.3399,0.01188,0.3,1.0,,,checkpoints/hobson-2b-v17/history.json
v17,2840,train,0.54408,0.43679,0.32771,0.00898,0.3,1.0,,,checkpoints/hobson-2b-v17/history.json
v17,2860,train,0.53469,0.41598,0.36059,0.01054,0.3,1.0,,,checkpoints/hobson-2b-v17/history.json
v17,2880,train,0.48678,0.37207,0.36771,0.0044,0.3,1.0,,,checkpoints/hobson-2b-v17/history.json
v17,2900,train,0.44898,0.3505,0.31726,0.0033,0.3,1.0,,,checkpoints/hobson-2b-v17/history.json
v17,2920,train,0.57522,0.47237,0.31972,0.00693,0.3,1.0,,,checkpoints/hobson-2b-v17/history.json
v17,2940,train,0.51188,0.40008,0.3375,0.01055,0.3,1.0,,,checkpoints/hobson-2b-v17/history.json
v17,2960,train,0.53028,0.41622,0.35557,0.00739,0.3,1.0,,,checkpoints/hobson-2b-v17/history.json
v17,2980,train,0.51691,0.40398,0.33988,0.01096,0.3,1.0,,,checkpoints/hobson-2b-v17/history.json
v17,3000,train,0.51422,0.39424,0.36687,0.00992,0.3,1.0,,,checkpoints/hobson-2b-v17/history.json
v17,3000,val,,,,,0.3,1.0,0.40707,0.87,checkpoints/hobson-2b-v17/history.json
v17,3020,train,0.53125,0.42393,0.33973,0.00541,0.3,1.0,,,checkpoints/hobson-2b-v17/history.json
v17,3040,train,0.54001,0.42064,0.35671,0.01235,0.3,1.0,,,checkpoints/hobson-2b-v17/history.json
v17,3060,train,0.50774,0.40773,0.31789,0.00464,0.3,1.0,,,checkpoints/hobson-2b-v17/history.json
v17,3080,train,0.52132,0.40226,0.37507,0.00654,0.3,1.0,,,checkpoints/hobson-2b-v17/history.json
v17,3100,train,0.5231,0.41072,0.35588,0.00561,0.3,1.0,,,checkpoints/hobson-2b-v17/history.json
v17,3120,train,0.5151,0.41782,0.29732,0.00809,0.3,1.0,,,checkpoints/hobson-2b-v17/history.json
v17,3140,train,0.49983,0.39419,0.32652,0.00769,0.3,1.0,,,checkpoints/hobson-2b-v17/history.json
v17,3160,train,0.47936,0.37309,0.3282,0.00781,0.3,1.0,,,checkpoints/hobson-2b-v17/history.json
v17,3180,train,0.5711,0.45093,0.35419,0.01392,0.3,1.0,,,checkpoints/hobson-2b-v17/history.json
v17,3200,train,0.47434,0.36997,0.33245,0.00464,0.3,1.0,,,checkpoints/hobson-2b-v17/history.json
v17,3220,train,0.48528,0.37981,0.31862,0.00988,0.3,1.0,,,checkpoints/hobson-2b-v17/history.json
v17,3240,train,0.47075,0.36022,0.33619,0.00968,0.3,1.0,,,checkpoints/hobson-2b-v17/history.json
v17,3260,train,0.49291,0.38484,0.34418,0.00482,0.3,1.0,,,checkpoints/hobson-2b-v17/history.json
v17,3280,train,0.52851,0.41446,0.34863,0.00946,0.3,1.0,,,checkpoints/hobson-2b-v17/history.json
v17,3300,train,0.5372,0.42459,0.34638,0.0087,0.3,1.0,,,checkpoints/hobson-2b-v17/history.json
v17,3320,train,0.49944,0.38687,0.34957,0.0077,0.3,1.0,,,checkpoints/hobson-2b-v17/history.json
v17,3340,train,0.53397,0.42371,0.33825,0.00878,0.3,1.0,,,checkpoints/hobson-2b-v17/history.json
v17,3360,train,0.5066,0.38942,0.34668,0.01318,0.3,1.0,,,checkpoints/hobson-2b-v17/history.json
v17,3380,train,0.46773,0.34865,0.36182,0.01053,0.3,1.0,,,checkpoints/hobson-2b-v17/history.json
v17,3400,train,0.52937,0.4192,0.33326,0.01019,0.3,1.0,,,checkpoints/hobson-2b-v17/history.json
v17,3420,train,0.53408,0.42765,0.32409,0.0092,0.3,1.0,,,checkpoints/hobson-2b-v17/history.json
v17,3440,train,0.49442,0.39637,0.30916,0.0053,0.3,1.0,,,checkpoints/hobson-2b-v17/history.json
v17,3460,train,0.51168,0.40412,0.33339,0.00755,0.3,1.0,,,checkpoints/hobson-2b-v17/history.json
v17,3480,train,0.48429,0.37826,0.32927,0.00725,0.3,1.0,,,checkpoints/hobson-2b-v17/history.json
v17,3500,train,0.51046,0.4055,0.32811,0.00653,0.3,1.0,,,checkpoints/hobson-2b-v17/history.json
v17,3500,val,,,,,0.3,1.0,0.3983,0.8775,checkpoints/hobson-2b-v17/history.json
v17,3501,val,,,,,0.3,1.0,0.39823,0.8775,checkpoints/hobson-2b-v17/history.json
