benchmark,id,name,n,min,q1,median,q3,max,p95,lo,hi,outliers
JevBench,hobson,baseline bf16,231,15.53,15.53,15.53,39.08,193.68,133.51,15.53,68.31,37
JevBench,P1,W8A8,231,8.2,8.2,8.21,20.73,134.96,88.77,8.2,35.88,40
JevBench,P2,W4A4 (inaccurate),231,5.78,5.78,5.79,13.46,80.41,54.4,5.78,23.13,40
JevBench,R1,W8A8 + exit at 16,231,5.5,5.5,5.5,13.7,89.75,59.13,5.5,23.79,40
JevBench,R2a,depth split 8 layers,231,18.2,18.2,18.2,26.97,82.99,63.72,18.2,37.71,37
JevBench,A7,vocabulary 64k,231,15.24,15.24,15.24,29.91,188.6,131.42,15.24,50.34,42
JevBench,A1,T5Gemma encoder,231,15.5,15.5,15.5,44.25,316.73,211.51,15.5,86.95,40
Real traffic,hobson,baseline bf16,748,15.68,100.25,140.03,211.09,378.01,317.94,15.68,373.23,1
Real traffic,P1,W8A8,748,8.42,61.87,94.4,147.58,273.26,226.25,8.42,273.26,0
Real traffic,P2,W4A4 (inaccurate),748,5.95,39.32,57.37,88.54,177.8,146.79,5.95,161.74,17
Real traffic,R1,W8A8 + exit at 16,748,5.62,41.31,62.84,98.16,181.99,150.66,5.62,181.99,0
Real traffic,R2a,depth split 8 layers,748,18.26,50.09,66.2,88.04,131.58,117.65,18.26,131.58,0
Real traffic,A7,vocabulary 64k,748,15.24,42.99,66.91,85.0,177.39,126.98,15.24,147.87,6
Real traffic,A1,T5Gemma encoder,748,17.46,148.28,224.23,346.66,640.57,539.87,17.46,640.57,0
