task_id,family,tier
original-policy-01-0,policy,standard
original-policy-01-1,policy,standard
original-policy-02-0,policy,standard
original-policy-02-1,policy,standard
original-policy-03-0,policy,standard
original-policy-03-1,policy,standard
original-policy-04-0,policy,standard
original-policy-04-1,policy,standard
original-policy-05-0,policy,standard
original-policy-05-1,policy,standard
original-policy-06-0,policy,standard
original-policy-06-1,policy,standard
original-intent-01-0,intent,standard
original-intent-01-1,intent,standard
original-intent-02-0,intent,standard
original-intent-02-1,intent,standard
original-intent-03-0,intent,standard
original-intent-03-1,intent,standard
original-intent-04-0,intent,standard
original-intent-04-1,intent,standard
original-intent-05-0,intent,standard
original-intent-05-1,intent,standard
original-intent-06-0,intent,standard
original-intent-06-1,intent,standard
original-ordinal-01-0,ordinal,standard
original-ordinal-01-1,ordinal,standard
original-ordinal-02-0,ordinal,standard
original-ordinal-02-1,ordinal,standard
original-ordinal-03-0,ordinal,standard
original-ordinal-03-1,ordinal,standard
original-ordinal-04-0,ordinal,standard
original-ordinal-04-1,ordinal,standard
original-ordinal-05-0,ordinal,standard
original-ordinal-05-1,ordinal,standard
original-ordinal-06-0,ordinal,standard
original-ordinal-06-1,ordinal,standard
original-extraction-01-0,extraction,standard
original-extraction-01-1,extraction,standard
original-extraction-02-0,extraction,standard
original-extraction-02-1,extraction,standard
original-extraction-03-0,extraction,standard
original-extraction-03-1,extraction,standard
original-extraction-04-0,extraction,standard
original-extraction-04-1,extraction,standard
original-extraction-05-0,extraction,standard
original-extraction-05-1,extraction,standard
original-extraction-06-0,extraction,standard
original-extraction-06-1,extraction,standard
original-adequacy-01-0,adequacy,standard
original-adequacy-01-1,adequacy,standard
original-adequacy-02-0,adequacy,standard
original-adequacy-02-1,adequacy,standard
original-adequacy-03-0,adequacy,standard
original-adequacy-03-1,adequacy,standard
original-adequacy-04-0,adequacy,standard
original-adequacy-04-1,adequacy,standard
original-adequacy-05-0,adequacy,standard
original-adequacy-05-1,adequacy,standard
original-adequacy-06-0,adequacy,standard
original-adequacy-06-1,adequacy,standard
original-routing-01-0,routing,standard
original-routing-01-1,routing,standard
original-routing-02-0,routing,standard
original-routing-02-1,routing,standard
original-routing-03-0,routing,standard
original-routing-03-1,routing,standard
original-routing-04-0,routing,standard
original-routing-04-1,routing,standard
original-routing-05-0,routing,standard
original-routing-05-1,routing,standard
original-routing-06-0,routing,standard
original-routing-06-1,routing,standard
easy-intent-00,intent,easy
easy-intent-01,intent,easy
easy-intent-02,intent,easy
easy-intent-03,intent,easy
easy-intent-04,intent,easy
easy-intent-05,intent,easy
easy-intent-06,intent,easy
easy-intent-07,intent,easy
easy-intent-08,intent,easy
easy-intent-09,intent,easy
easy-intent-10,intent,easy
easy-intent-11,intent,easy
easy-fact-00,fact,easy
easy-fact-01,fact,easy
easy-fact-02,fact,easy
easy-fact-03,fact,easy
easy-fact-04,fact,easy
easy-fact-05,fact,easy
easy-fact-06,fact,easy
easy-fact-07,fact,easy
easy-fact-08,fact,easy
easy-fact-09,fact,easy
easy-fact-10,fact,easy
easy-fact-11,fact,easy
easy-extraction-00,extraction,easy
easy-extraction-01,extraction,easy
easy-extraction-02,extraction,easy
easy-extraction-03,extraction,easy
easy-extraction-04,extraction,easy
easy-extraction-05,extraction,easy
easy-extraction-06,extraction,easy
easy-extraction-07,extraction,easy
easy-extraction-08,extraction,easy
easy-extraction-09,extraction,easy
easy-extraction-10,extraction,easy
easy-extraction-11,extraction,easy
easy-tool_selection-00,tool_selection,easy
easy-tool_selection-01,tool_selection,easy
easy-tool_selection-02,tool_selection,easy
easy-tool_selection-03,tool_selection,easy
easy-tool_selection-04,tool_selection,easy
easy-tool_selection-05,tool_selection,easy
easy-tool_selection-06,tool_selection,easy
easy-tool_selection-07,tool_selection,easy
easy-tool_selection-08,tool_selection,easy
easy-tool_selection-09,tool_selection,easy
easy-tool_selection-10,tool_selection,easy
easy-tool_selection-11,tool_selection,easy
hard-opus-a-long_policy-01,long_policy,hard
hard-opus-a-long_policy-04,long_policy,hard
hard-opus-a-long_policy-08,long_policy,hard
hard-opus-a-long_policy-09,long_policy,hard
hard-opus-a-long_policy-11,long_policy,hard
hard-opus-a-long_policy-13,long_policy,hard
hard-opus-a-long_policy-17,long_policy,hard
hard-opus-a-long_policy-19,long_policy,hard
hard-opus-a-probability-03,probability,hard
hard-opus-a-probability-04,probability,hard
hard-opus-a-probability-07,probability,hard
hard-opus-a-probability-08,probability,hard
hard-opus-a-temporal_numeric-03,temporal_numeric,hard
hard-opus-a-temporal_numeric-06,temporal_numeric,hard
hard-opus-a-temporal_numeric-07,temporal_numeric,hard
hard-opus-a-temporal_numeric-09,temporal_numeric,hard
hard-opus-a-temporal_numeric-12,temporal_numeric,hard
hard-opus-b-ambiguous-02,ambiguous,hard
hard-opus-b-ambiguous-03,ambiguous,hard
hard-opus-b-ambiguous-07,ambiguous,hard
hard-opus-b-ambiguous-09,ambiguous,hard
hard-opus-b-ambiguous-10,ambiguous,hard
hard-opus-b-ambiguous-11,ambiguous,hard
hard-opus-b-ambiguous-13,ambiguous,hard
hard-opus-b-multi_hop-03,multi_hop,hard
hard-opus-b-multi_hop-04,multi_hop,hard
hard-opus-b-multi_hop-05,multi_hop,hard
hard-opus-b-multi_hop-07,multi_hop,hard
hard-opus-b-multi_hop-08,multi_hop,hard
hard-opus-b-probability-01,probability,hard
hard-opus-b-probability-02,probability,hard
hard-opus-b-probability-03,probability,hard
hard-opus-b-probability-04,probability,hard
hard-opus-b-probability-06,probability,hard
hard-opus-b-tradeoff-01,tradeoff,hard
hard-opus-b-tradeoff-03,tradeoff,hard
hard-opus-b-tradeoff-06,tradeoff,hard
hard-opus-b-tradeoff-07,tradeoff,hard
hard-opus-b-tradeoff-08,tradeoff,hard
hard-opus-b-tradeoff-12,tradeoff,hard
hard-opus-c-long_policy-02,long_policy,hard
hard-opus-c-long_policy-03,long_policy,hard
hard-opus-c-long_policy-04,long_policy,hard
hard-opus-c-long_policy-05,long_policy,hard
hard-opus-c-long_policy-08,long_policy,hard
hard-opus-c-long_policy-10,long_policy,hard
hard-opus-c-long_policy-11,long_policy,hard
hard-opus-c-probability-03,probability,hard
hard-opus-c-temporal_numeric-02,temporal_numeric,hard
hard-opus-c-temporal_numeric-03,temporal_numeric,hard
hard-opus-c-temporal_numeric-04,temporal_numeric,hard
hard-opus-c-temporal_numeric-06,temporal_numeric,hard
hard-opus-c-temporal_numeric-08,temporal_numeric,hard
hard-opus-c-temporal_numeric-12,temporal_numeric,hard
hard-sol-a-adversarial-01,adversarial,hard
hard-sol-a-adversarial-06,adversarial,hard
hard-sol-a-adversarial-07,adversarial,hard
hard-sol-a-adversarial-08,adversarial,hard
hard-sol-a-adversarial-09,adversarial,hard
hard-sol-a-adversarial-11,adversarial,hard
hard-sol-a-multi_hop-01,multi_hop,hard
hard-sol-a-multi_hop-02,multi_hop,hard
hard-sol-a-multi_hop-05,multi_hop,hard
hard-sol-a-multi_hop-07,multi_hop,hard
hard-sol-a-multi_hop-08,multi_hop,hard
hard-sol-a-multi_hop-09,multi_hop,hard
hard-sol-a-multi_hop-10,multi_hop,hard
hard-sol-a-multi_hop-12,multi_hop,hard
hard-sol-a-trap-02,trap,hard
hard-sol-a-trap-04,trap,hard
hard-sol-a-trap-05,trap,hard
hard-sol-a-trap-06,trap,hard
hard-sol-a-trap-08,trap,hard
hard-sol-a-trap-10,trap,hard
hard-sol-a-trap-13,trap,hard
hard-sol-a-trap-15,trap,hard
hard-sol-b-judge_hard-01,judge_hard,hard
hard-sol-b-judge_hard-02,judge_hard,hard
hard-sol-b-judge_hard-05,judge_hard,hard
hard-sol-b-judge_hard-08,judge_hard,hard
hard-sol-b-judge_hard-10,judge_hard,hard
hard-sol-b-judge_hard-14,judge_hard,hard
hard-sol-b-judge_hard-15,judge_hard,hard
hard-sol-b-judge_hard-18,judge_hard,hard
hard-sol-b-long_policy-01,long_policy,hard
hard-sol-b-long_policy-02,long_policy,hard
hard-sol-b-long_policy-05,long_policy,hard
hard-sol-b-long_policy-06,long_policy,hard
hard-sol-b-routing_hard-01,routing_hard,hard
hard-sol-b-routing_hard-02,routing_hard,hard
hard-sol-b-routing_hard-03,routing_hard,hard
hard-sol-b-routing_hard-07,routing_hard,hard
hard-sol-b-routing_hard-09,routing_hard,hard
hard-sol-b-temporal_numeric-01,temporal_numeric,hard
hard-sol-b-temporal_numeric-02,temporal_numeric,hard
hard-sol-b-temporal_numeric-03,temporal_numeric,hard
hard-sol-b-temporal_numeric-04,temporal_numeric,hard
hard-sol-c-judge_hard-03,judge_hard,hard
hard-sol-c-judge_hard-05,judge_hard,hard
hard-sol-c-judge_hard-07,judge_hard,hard
hard-sol-c-judge_hard-08,judge_hard,hard
hard-sol-c-judge_hard-09,judge_hard,hard
hard-sol-c-judge_hard-10,judge_hard,hard
hard-sol-c-judge_hard-11,judge_hard,hard
hard-sol-c-judge_hard-13,judge_hard,hard
hard-sol-c-judge_hard-15,judge_hard,hard
hard-sol-c-multi_hop-07,multi_hop,hard
hard-sol-c-multi_hop-09,multi_hop,hard
hard-sol-c-multi_hop-11,multi_hop,hard
hard-sol-c-multi_hop-12,multi_hop,hard
hard-sol-c-multi_hop-13,multi_hop,hard
