set,id,request,state_tokens,ms
J15 requests,P1,a6bd0f840c908137,4543,158.021
J15 requests,P1,d00ebf91558d528c,3944,135.8
J15 requests,P1,9da4a286bf55d4b4,4137,142.275
J15 requests,P1,ecfc2e3304909b2e,4783,164.044
J15 requests,P1,3ff9dde74dfd86e8,2936,98.324
J15 requests,P1,c2610f88b79c7ab6,2166,67.663
J15 requests,P1,4c1f621f24763cf1,3897,135.492
J15 requests,P1,79f1c7449699701d,3178,105.439
J15 requests,P1,367c4d835607ef40,1871,59.553
J15 requests,P1,445b6d7c10d259ca,3135,104.962
J15 requests,P1,063f9e39fbbe8349,1139,36.502
J15 requests,P1,ecfc2e3304909b2e,3717,127.063
J15 requests,P1,c7341508b69f4036,4734,162.692
J15 requests,P1,57027b27e5cfff2e,875,28.73
J15 requests,P1,cad444efd15bafd4,3810,127.637
J15 requests,P1,4213b41a9e70d697,2983,100.681
J15 requests,P1,41aa1461cd3aaec0,3895,135.349
J15 requests,P1,3877e2b3e4b96a26,2509,83.91
J15 requests,P1,45afb7904bc5bd2a,418,15.785
J15 requests,P1,73cfc570418e0286,2997,100.974
J15 requests,P1,4aa9840c49608418,2741,93.136
J15 requests,P1,b91eb1f4366be773,1703,55.207
J15 requests,P1,9efdeba835f31314,2425,75.955
J15 requests,P1,6ba6a44d88457246,3127,104.747
J15 requests,P1,ac5a92ecc668ecf1,2129,67.432
J15 requests,P1,44a64019653de543,3885,135.214
J15 requests,P1,ebb0d63ad667b1b8,1776,56.621
J15 requests,P1,8c8a7e2f68f1eff8,1740,56.446
J15 requests,P1,64bd8502ef477f2b,3575,120.732
J15 requests,P1,54fadd7ddb630cbd,2180,68.974
J15 requests,P1,d52f14849d302e5f,1705,55.226
J15 requests,P1,a453870b4936081c,1886,59.733
J15 requests,P1,90c76e8eb87ad10f,3962,136.05
J15 requests,P1,e481c4f7bbf4741f,2024,64.492
J15 requests,P1,40f3fa6bdbb09c88,1623,53.296
J15 requests,P1,12f6df7d76a38bde,3988,138.421
J15 requests,P1,2b54befa1665c575,2417,75.795
J15 requests,P1,62dd8e6d4dbfb793,1888,59.627
J15 requests,P1,4c8aa569dc663227,3164,105.023
J15 requests,P1,888616da73699dcd,1730,56.389
J15 requests,P1,3386c7acf71874ad,1768,56.62
J15 requests,P1,73b2b5b07bf0a924,2113,67.343
J15 requests,P1,f3840be0d500f153,1933,63.105
J15 requests,P1,2d5cf6f7d3cb7aed,2751,93.088
J15 requests,P1,7a66d3a2d1378f46,1795,57.984
J15 requests,P1,b91eb1f4366be773,1688,54.981
J15 requests,P1,405e7345e9978f10,3498,117.515
J15 requests,P1,3af04ddb36801db9,1720,55.313
J15 requests,P1,9e03d729d951548b,4509,157.708
J15 requests,P1,bb385369dbfcdbdd,2898,98.777
J15 requests,P1,2e60bfa292ae6429,1787,56.772
J15 requests,P1,35112f887d9d4480,898,30.022
J15 requests,P1,05fa1e27eb27817e,1735,56.409
J15 requests,P1,9871b0d55feeb868,1980,63.39
J15 requests,P1,132fec01c67208ce,5896,206.392
J15 requests,P1,742fb70a5de480cf,6727,239.504
J15 requests,P1,809ec98d95221acc,6478,229.806
J15 requests,P1,714fd757079acd74,6298,220.494
J15 requests,P1,4ccabe8537fa44d8,5315,184.464
J15 requests,P1,a5a33ca5edfd8e6a,4233,145.819
J15 requests,P1,248a9462eccc17c2,6180,217.083
J15 requests,P1,04275ce5d37bf167,4640,160.632
J15 requests,P1,bbbde0b61e4cd5b1,6767,237.804
J15 requests,P1,e91ad94a3a2652be,5706,197.612
J15 requests,P1,be11191e9e4da2ec,6392,220.089
J15 requests,P1,aa801a353278421a,4929,168.208
J15 requests,P1,ce9834f8c8b32341,5918,207.222
J15 requests,P1,ac14c05cfa2d6bca,4273,146.219
J15 requests,P1,248a9462eccc17c2,6196,217.307
J15 requests,P1,fb88ed2fbc9e9cd8,5420,187.742
J15 requests,P1,7108754d8cdc17e8,5279,183.883
J15 requests,P1,efe097294f8cc3a5,6985,248.532
J15 requests,P1,hard-sol-b-routing_hard-03,318,11.07
J15 requests,P1,hard-opus-a-temporal_numeric-07,1308,43.274
J15 requests,P1,hard-sol-a-adversarial-01,287,10.985
J15 requests,P1,original-policy-02-0,114,7.05
J15 requests,P1,hard-opus-c-temporal_numeric-03,874,28.725
J15 requests,P1,original-adequacy-01-1,103,7.175
J15 requests,P1,hard-opus-c-long_policy-10,3638,123.024
J15 requests,P1,easy-fact-04,103,7.175
J15 requests,P1,hard-opus-b-ambiguous-02,543,18.591
J15 requests,P1,original-routing-03-0,143,8.149
J15 requests,P1,easy-fact-07,99,7.174
J15 requests,P1,hard-opus-b-multi_hop-04,2352,74.158
J15 requests,P1,original-intent-02-0,114,7.052
J15 requests,P1,original-extraction-06-1,104,7.162
J15 requests,P1,hard-sol-b-routing_hard-09,307,11.035
J15 requests,P1,easy-fact-05,104,7.163
J15 requests,P1,easy-tool_selection-11,131,8.125
J15 requests,P1,original-policy-04-0,122,7.051
J15 requests,P1,easy-tool_selection-02,128,7.021
J15 requests,P1,original-intent-03-1,113,7.073
J15 requests,P1,hard-opus-a-long_policy-19,2340,74.176
J15 requests,P1,easy-extraction-07,82,7.093
J15 requests,P1,easy-extraction-03,93,7.147
J15 requests,P1,hard-sol-b-routing_hard-02,320,11.028
J15 requests,P1,easy-fact-01,103,7.171
J15 requests,P1,easy-extraction-05,91,7.118
J15 requests,P1,hard-sol-c-multi_hop-12,550,18.575
J15 requests,P1,hard-opus-a-long_policy-17,2363,74.43
J15 requests,P1,original-routing-06-1,138,8.142
J15 requests,P1,hard-opus-a-long_policy-08,2402,75.567
J15 requests,P1,original-ordinal-01-1,132,8.14
J15 requests,P1,original-policy-03-1,115,7.065
J15 requests,P1,hard-opus-a-long_policy-13,2441,77.054
J15 requests,P1,hard-opus-b-multi_hop-08,2327,74.157
J15 requests,P1,original-extraction-05-1,101,7.161
J15 requests,P1,easy-extraction-01,91,7.121
J15 requests,P1,original-policy-06-1,118,7.074
J15 requests,P1,original-routing-02-1,138,8.136
J15 requests,P1,hard-opus-b-multi_hop-03,2968,100.672
J15 requests,P1,hard-sol-a-multi_hop-12,2653,90.287
J15 requests,P1,hard-sol-a-trap-06,355,14.17
J15 requests,P1,original-policy-04-1,119,7.066
J15 requests,P1,hard-opus-a-probability-04,1107,35.986
J15 requests,P1,hard-sol-a-trap-10,209,9.378
J15 requests,P1,original-policy-01-0,125,7.064
J15 requests,P1,original-policy-05-1,118,7.073
J15 requests,P1,hard-opus-a-temporal_numeric-09,534,18.497
J15 requests,P1,easy-extraction-11,95,7.135
J15 requests,R1,a6bd0f840c908137,4543,105.293
J15 requests,R1,d00ebf91558d528c,3944,90.336
J15 requests,R1,9da4a286bf55d4b4,4137,94.835
J15 requests,R1,ecfc2e3304909b2e,4783,109.115
J15 requests,R1,3ff9dde74dfd86e8,2936,65.603
J15 requests,R1,c2610f88b79c7ab6,2166,45.468
J15 requests,R1,4c1f621f24763cf1,3897,90.263
J15 requests,R1,79f1c7449699701d,3178,70.348
J15 requests,R1,367c4d835607ef40,1871,39.754
J15 requests,R1,445b6d7c10d259ca,3135,70.02
J15 requests,R1,063f9e39fbbe8349,1139,24.426
J15 requests,R1,ecfc2e3304909b2e,3717,84.748
J15 requests,R1,c7341508b69f4036,4734,108.309
J15 requests,R1,57027b27e5cfff2e,875,19.213
J15 requests,R1,cad444efd15bafd4,3810,85.146
J15 requests,R1,4213b41a9e70d697,2983,67.138
J15 requests,R1,41aa1461cd3aaec0,3895,90.119
J15 requests,R1,3877e2b3e4b96a26,2509,56.045
J15 requests,R1,45afb7904bc5bd2a,418,10.631
J15 requests,R1,73cfc570418e0286,2997,67.315
J15 requests,R1,4aa9840c49608418,2741,62.127
J15 requests,R1,b91eb1f4366be773,1703,36.846
J15 requests,R1,9efdeba835f31314,2425,50.757
J15 requests,R1,6ba6a44d88457246,3127,69.884
J15 requests,R1,ac5a92ecc668ecf1,2129,45.322
J15 requests,R1,44a64019653de543,3885,90.089
J15 requests,R1,ebb0d63ad667b1b8,1776,37.793
J15 requests,R1,8c8a7e2f68f1eff8,1740,37.658
J15 requests,R1,64bd8502ef477f2b,3575,80.532
J15 requests,R1,54fadd7ddb630cbd,2180,46.296
J15 requests,R1,d52f14849d302e5f,1705,36.853
J15 requests,R1,a453870b4936081c,1886,39.838
J15 requests,R1,90c76e8eb87ad10f,3962,90.889
J15 requests,R1,e481c4f7bbf4741f,2024,43.007
J15 requests,R1,40f3fa6bdbb09c88,1623,35.732
J15 requests,R1,12f6df7d76a38bde,3988,92.284
J15 requests,R1,2b54befa1665c575,2417,50.782
J15 requests,R1,62dd8e6d4dbfb793,1888,39.793
J15 requests,R1,4c8aa569dc663227,3164,70.087
J15 requests,R1,888616da73699dcd,1730,37.633
J15 requests,R1,3386c7acf71874ad,1768,37.779
J15 requests,R1,73b2b5b07bf0a924,2113,45.006
J15 requests,R1,f3840be0d500f153,1933,42.116
J15 requests,R1,2d5cf6f7d3cb7aed,2751,62.089
J15 requests,R1,7a66d3a2d1378f46,1795,38.683
J15 requests,R1,b91eb1f4366be773,1688,36.661
J15 requests,R1,405e7345e9978f10,3498,78.449
J15 requests,R1,3af04ddb36801db9,1720,36.9
J15 requests,R1,9e03d729d951548b,4509,105.14
J15 requests,R1,bb385369dbfcdbdd,2898,65.914
J15 requests,R1,2e60bfa292ae6429,1787,37.892
J15 requests,R1,35112f887d9d4480,898,20.095
J15 requests,R1,05fa1e27eb27817e,1735,37.634
J15 requests,R1,9871b0d55feeb868,1980,42.307
J15 requests,R1,132fec01c67208ce,5896,206.655
J15 requests,R1,742fb70a5de480cf,6727,239.961
J15 requests,R1,809ec98d95221acc,6478,153.111
J15 requests,R1,714fd757079acd74,6298,147.167
J15 requests,R1,4ccabe8537fa44d8,5315,122.754
J15 requests,R1,a5a33ca5edfd8e6a,4233,97.13
J15 requests,R1,248a9462eccc17c2,6180,144.896
J15 requests,R1,04275ce5d37bf167,4640,106.985
J15 requests,R1,bbbde0b61e4cd5b1,6767,158.077
J15 requests,R1,e91ad94a3a2652be,5706,131.47
J15 requests,R1,be11191e9e4da2ec,6392,146.828
J15 requests,R1,aa801a353278421a,4929,112.089
J15 requests,R1,ce9834f8c8b32341,5918,138.129
J15 requests,R1,ac14c05cfa2d6bca,4273,97.387
J15 requests,R1,248a9462eccc17c2,6196,145.031
J15 requests,R1,fb88ed2fbc9e9cd8,5420,124.969
J15 requests,R1,7108754d8cdc17e8,5279,122.373
J15 requests,R1,efe097294f8cc3a5,6985,165.85
J15 requests,R1,hard-sol-b-routing_hard-03,318,7.504
J15 requests,R1,hard-opus-a-temporal_numeric-07,1308,28.936
J15 requests,R1,hard-sol-a-adversarial-01,287,7.449
J15 requests,R1,original-policy-02-0,114,4.824
J15 requests,R1,hard-opus-c-temporal_numeric-03,874,19.218
J15 requests,R1,original-adequacy-01-1,103,4.915
J15 requests,R1,hard-opus-c-long_policy-10,3638,123.223
J15 requests,R1,easy-fact-04,103,4.915
J15 requests,R1,hard-opus-b-ambiguous-02,543,12.487
J15 requests,R1,original-routing-03-0,143,5.559
J15 requests,R1,easy-fact-07,99,4.912
J15 requests,R1,hard-opus-b-multi_hop-04,2352,49.833
J15 requests,R1,original-intent-02-0,114,4.823
J15 requests,R1,original-extraction-06-1,104,4.908
J15 requests,R1,hard-sol-b-routing_hard-09,307,7.473
J15 requests,R1,easy-fact-05,104,4.911
J15 requests,R1,easy-tool_selection-11,131,5.54
J15 requests,R1,original-policy-04-0,122,4.823
J15 requests,R1,easy-tool_selection-02,128,4.808
J15 requests,R1,original-intent-03-1,113,4.84
J15 requests,R1,hard-opus-a-long_policy-19,2340,49.751
J15 requests,R1,easy-extraction-07,82,4.862
J15 requests,R1,easy-extraction-03,93,4.896
J15 requests,R1,hard-sol-b-routing_hard-02,320,7.476
J15 requests,R1,easy-fact-01,103,4.919
J15 requests,R1,easy-extraction-05,91,4.875
J15 requests,R1,hard-sol-c-multi_hop-12,550,12.483
J15 requests,R1,hard-opus-a-long_policy-17,2363,49.957
J15 requests,R1,original-routing-06-1,138,5.555
J15 requests,R1,hard-opus-a-long_policy-08,2402,50.59
J15 requests,R1,original-ordinal-01-1,132,5.549
J15 requests,R1,original-policy-03-1,115,4.828
J15 requests,R1,hard-opus-a-long_policy-13,2441,51.577
J15 requests,R1,hard-opus-b-multi_hop-08,2327,49.815
J15 requests,R1,original-extraction-05-1,101,4.906
J15 requests,R1,easy-extraction-01,91,4.876
J15 requests,R1,original-policy-06-1,118,4.835
J15 requests,R1,original-routing-02-1,138,5.554
J15 requests,R1,hard-opus-b-multi_hop-03,2968,67.107
J15 requests,R1,hard-sol-a-multi_hop-12,2653,60.197
J15 requests,R1,hard-sol-a-trap-06,355,9.577
J15 requests,R1,original-policy-04-1,119,4.845
J15 requests,R1,hard-opus-a-probability-04,1107,24.084
J15 requests,R1,hard-sol-a-trap-10,209,6.368
J15 requests,R1,original-policy-01-0,125,4.833
J15 requests,R1,original-policy-05-1,118,4.835
J15 requests,R1,hard-opus-a-temporal_numeric-09,534,18.708
J15 requests,R1,easy-extraction-11,95,4.885
J15 requests,C1,a6bd0f840c908137,4543,98.641
J15 requests,C1,d00ebf91558d528c,3944,83.907
J15 requests,C1,9da4a286bf55d4b4,4137,87.998
J15 requests,C1,ecfc2e3304909b2e,4783,102.887
J15 requests,C1,3ff9dde74dfd86e8,2936,60.739
J15 requests,C1,c2610f88b79c7ab6,2166,42.71
J15 requests,C1,4c1f621f24763cf1,3897,83.457
J15 requests,C1,79f1c7449699701d,3178,66.158
J15 requests,C1,367c4d835607ef40,1871,37.141
J15 requests,C1,445b6d7c10d259ca,3135,64.874
J15 requests,C1,063f9e39fbbe8349,1139,23.998
J15 requests,C1,ecfc2e3304909b2e,3717,78.964
J15 requests,C1,c7341508b69f4036,4734,101.448
J15 requests,C1,57027b27e5cfff2e,875,18.284
J15 requests,C1,cad444efd15bafd4,3810,79.519
J15 requests,C1,4213b41a9e70d697,2983,62.228
J15 requests,C1,41aa1461cd3aaec0,3895,83.222
J15 requests,C1,3877e2b3e4b96a26,2509,53.103
J15 requests,C1,45afb7904bc5bd2a,418,10.356
J15 requests,C1,73cfc570418e0286,2997,62.415
J15 requests,C1,4aa9840c49608418,2741,57.946
J15 requests,C1,b91eb1f4366be773,1703,34.439
J15 requests,C1,9efdeba835f31314,2425,47.897
J15 requests,C1,6ba6a44d88457246,3127,64.759
J15 requests,C1,ac5a92ecc668ecf1,2129,42.525
J15 requests,C1,44a64019653de543,3885,83.313
J15 requests,C1,ebb0d63ad667b1b8,1776,35.344
J15 requests,C1,8c8a7e2f68f1eff8,1740,35.144
J15 requests,C1,64bd8502ef477f2b,3575,75.519
J15 requests,C1,54fadd7ddb630cbd,2180,43.496
J15 requests,C1,d52f14849d302e5f,1705,34.299
J15 requests,C1,a453870b4936081c,1886,37.277
J15 requests,C1,90c76e8eb87ad10f,3962,84.031
J15 requests,C1,e481c4f7bbf4741f,2024,40.266
J15 requests,C1,40f3fa6bdbb09c88,1623,33.168
J15 requests,C1,12f6df7d76a38bde,3988,85.447
J15 requests,C1,2b54befa1665c575,2417,47.815
J15 requests,C1,62dd8e6d4dbfb793,1888,37.246
J15 requests,C1,4c8aa569dc663227,3164,65.054
J15 requests,C1,888616da73699dcd,1730,35.124
J15 requests,C1,3386c7acf71874ad,1768,35.292
J15 requests,C1,73b2b5b07bf0a924,2113,42.363
J15 requests,C1,f3840be0d500f153,1933,39.423
J15 requests,C1,2d5cf6f7d3cb7aed,2751,57.968
J15 requests,C1,7a66d3a2d1378f46,1795,36.168
J15 requests,C1,b91eb1f4366be773,1688,34.381
J15 requests,C1,405e7345e9978f10,3498,72.822
J15 requests,C1,3af04ddb36801db9,1720,34.379
J15 requests,C1,9e03d729d951548b,4509,98.398
J15 requests,C1,bb385369dbfcdbdd,2898,61.746
J15 requests,C1,2e60bfa292ae6429,1787,35.438
J15 requests,C1,35112f887d9d4480,898,19.051
J15 requests,C1,05fa1e27eb27817e,1735,35.151
J15 requests,C1,9871b0d55feeb868,1980,39.654
J15 requests,C1,132fec01c67208ce,5896,179.461
J15 requests,C1,742fb70a5de480cf,6727,149.421
J15 requests,C1,809ec98d95221acc,6478,143.326
J15 requests,C1,714fd757079acd74,6298,137.958
J15 requests,C1,4ccabe8537fa44d8,5315,114.838
J15 requests,C1,a5a33ca5edfd8e6a,4233,90.173
J15 requests,C1,248a9462eccc17c2,6180,135.224
J15 requests,C1,04275ce5d37bf167,4640,99.955
J15 requests,C1,bbbde0b61e4cd5b1,6767,148.158
J15 requests,C1,e91ad94a3a2652be,5706,123.066
J15 requests,C1,be11191e9e4da2ec,6392,137.683
J15 requests,C1,aa801a353278421a,4929,105.235
J15 requests,C1,ce9834f8c8b32341,5918,129.902
J15 requests,C1,ac14c05cfa2d6bca,4273,90.37
J15 requests,C1,248a9462eccc17c2,6196,135.454
J15 requests,C1,fb88ed2fbc9e9cd8,5420,116.843
J15 requests,C1,7108754d8cdc17e8,5279,114.408
J15 requests,C1,efe097294f8cc3a5,6985,155.105
J15 requests,C1,hard-sol-b-routing_hard-03,318,7.365
J15 requests,C1,hard-opus-a-temporal_numeric-07,1308,27.355
J15 requests,C1,hard-sol-a-adversarial-01,287,7.316
J15 requests,C1,original-policy-02-0,114,5.091
J15 requests,C1,hard-opus-c-temporal_numeric-03,874,18.308
J15 requests,C1,original-adequacy-01-1,103,5.104
J15 requests,C1,hard-opus-c-long_policy-10,3638,104.46
J15 requests,C1,easy-fact-04,103,5.102
J15 requests,C1,hard-opus-b-ambiguous-02,543,12.156
J15 requests,C1,original-routing-03-0,143,5.694
J15 requests,C1,easy-fact-07,99,5.097
J15 requests,C1,hard-opus-b-multi_hop-04,2352,46.301
J15 requests,C1,original-intent-02-0,114,5.103
J15 requests,C1,original-extraction-06-1,104,5.091
J15 requests,C1,hard-sol-b-routing_hard-09,307,7.35
J15 requests,C1,easy-fact-05,104,5.09
J15 requests,C1,easy-tool_selection-11,131,5.652
J15 requests,C1,original-policy-04-0,122,5.091
J15 requests,C1,easy-tool_selection-02,128,5.083
J15 requests,C1,original-intent-03-1,113,5.1
J15 requests,C1,hard-opus-a-long_policy-19,2340,46.586
J15 requests,C1,easy-extraction-07,82,5.049
J15 requests,C1,easy-extraction-03,93,5.078
J15 requests,C1,hard-sol-b-routing_hard-02,320,7.337
J15 requests,C1,easy-fact-01,103,5.109
J15 requests,C1,easy-extraction-05,91,5.075
J15 requests,C1,hard-sol-c-multi_hop-12,550,12.15
J15 requests,C1,hard-opus-a-long_policy-17,2363,47.008
J15 requests,C1,original-routing-06-1,138,5.689
J15 requests,C1,hard-opus-a-long_policy-08,2402,47.676
J15 requests,C1,original-ordinal-01-1,132,5.668
J15 requests,C1,original-policy-03-1,115,5.096
J15 requests,C1,hard-opus-a-long_policy-13,2441,48.069
J15 requests,C1,hard-opus-b-multi_hop-08,2327,46.839
J15 requests,C1,original-extraction-05-1,101,5.111
J15 requests,C1,easy-extraction-01,91,5.07
J15 requests,C1,original-policy-06-1,118,5.094
J15 requests,C1,original-routing-02-1,138,5.684
J15 requests,C1,hard-opus-b-multi_hop-03,2968,62.119
J15 requests,C1,hard-sol-a-multi_hop-12,2653,55.453
J15 requests,C1,hard-sol-a-trap-06,355,9.349
J15 requests,C1,original-policy-04-1,119,5.101
J15 requests,C1,hard-opus-a-probability-04,1107,22.939
J15 requests,C1,hard-sol-a-trap-10,209,6.435
J15 requests,C1,original-policy-01-0,125,5.103
J15 requests,C1,original-policy-05-1,118,5.091
J15 requests,C1,hard-opus-a-temporal_numeric-09,534,17.751
J15 requests,C1,easy-extraction-11,95,5.08
J9 requests,hobson,8f2e204ec0b44a2d,1982,104.2
J9 requests,hobson,0a6095a3a4327811,1606,88.83
J9 requests,hobson,09404db06634f653,2610,135.97
J9 requests,hobson,7a66d3a2d1378f46,1795,97.19
J9 requests,hobson,c2610f88b79c7ab6,2166,108.98
J9 requests,hobson,bd6649b124d7c14c,3013,148.41
J9 requests,hobson,14ddbad88b40e665,3005,148.14
J9 requests,hobson,9efdeba835f31314,2425,117.94
J9 requests,hobson,fcd951fb7abd464c,3247,166.43
J9 requests,hobson,a4a4e0602988337b,1242,61.56
J9 requests,hobson,9342c5bbb1282a13,2344,117.35
J9 requests,hobson,888616da73699dcd,1730,92.98
J9 requests,hobson,411c4ea13b46c4a3,3280,166.96
J9 requests,hobson,20ea167c7e0d2a5a,2734,138.91
J9 requests,hobson,e266911233236926,3769,185.0
J9 requests,hobson,35b4bb1446b51598,2608,136.05
J9 requests,hobson,7d14ee9c174917b8,3418,170.61
J9 requests,hobson,e673445813f7a182,1179,61.06
J9 requests,hobson,dd0c2078c57c50a2,1700,92.68
J9 requests,hobson,117489fbd3685294,1913,98.01
J9 requests,hobson,20f1368911314326,3628,180.16
J9 requests,hobson,ac5a92ecc668ecf1,2129,108.72
J9 requests,hobson,b2ea663f0244a240,1834,97.4
J9 requests,hobson,e77e87b68000595c,2266,113.12
J9 requests,hobson,1ef585afeddb3cae,1941,103.97
J9 requests,hobson,57027b27e5cfff2e,875,48.87
J9 requests,hobson,f8d1f5dafd9563c8,2775,139.32
J9 requests,hobson,5d9f22581a78cf82,3117,153.81
J9 requests,hobson,3e037a4ddc4d27c4,2855,143.65
J9 requests,hobson,2c3a177c771bbc79,2395,117.9
J9 requests,hobson,ca5a92c401f61c18,2878,143.8
J9 requests,hobson,303c5935a518cb2b,2997,148.81
J9 requests,hobson,92e35dbd8c4d4c23,1565,88.39
J9 requests,hobson,5091539e7a2426af,2273,113.08
J9 requests,hobson,b153de912f0ce02d,3798,185.39
J9 requests,hobson,d794ebbe8972e52f,2516,122.94
J9 requests,hobson,3af04ddb36801db9,1682,92.58
J9 requests,hobson,05fbf3e77a096a89,1285,79.26
J9 requests,hobson,ad73cfba50485dbb,1627,88.9
J9 requests,hobson,a1c9d7140a7feeb3,4896,243.85
J9 requests,hobson,d93702bffd21e932,2062,108.06
J9 requests,hobson,52ef03d29758be03,1953,103.98
J9 requests,hobson,9b5ee9eba3830afc,1879,97.78
J9 requests,hobson,89bacb3efc4ed787,2909,144.36
J9 requests,hobson,c0173bd0be2f0448,1503,84.23
J9 requests,hobson,52a14fc747a8da4b,3317,167.08
J9 requests,hobson,381342054bcaaab7,1738,93.0
J9 requests,hobson,52160d23298a21c0,1670,92.52
J9 requests,hobson,95f8556387d700e9,2738,138.91
J9 requests,hobson,d710e1dab19f00c4,1043,56.73
J9 requests,hobson,d7989574ba718267,2882,144.04
J9 requests,hobson,aee9472b8922dcfb,3367,169.92
J9 requests,hobson,c4f98cabbbc7591f,3206,166.22
J9 requests,hobson,aec22b9743b93c11,2790,139.4
J9 requests,hobson,03861576747afc1d,229,15.59
J9 requests,hobson,8ea92c112f0b6bf8,2259,113.04
J9 requests,hobson,ecb17b21f2d2b3cb,4178,207.89
J9 requests,hobson,e9b1fcd0a5aa7d34,2697,138.7
J9 requests,hobson,fc6c738088deb650,308,22.46
J9 requests,hobson,917e86a5e7fa3d09,1841,97.41
J9 requests,hobson,5edb613a95a1396d,4750,238.61
J9 requests,hobson,21c565c679229036,4531,229.18
J9 requests,hobson,8e0d5f5a1a4c05fd,4776,238.84
J9 requests,hobson,52abb61a30144283,5186,263.1
J9 requests,hobson,084177587d70e18f,7480,376.04
J9 requests,hobson,7108754d8cdc17e8,5279,267.1
J9 requests,hobson,98834d7cf862d10d,4792,238.98
J9 requests,hobson,d885ab4b70124cea,5110,249.86
J9 requests,hobson,af96a1d5311b4c6f,4821,239.47
J9 requests,hobson,abf90067645a55bf,6236,310.28
J9 requests,hobson,4821d8378afcdb60,4759,238.78
J9 requests,hobson,7c09cb489b7d1e3b,4556,229.91
J9 requests,hobson,c96b7b3e91229eed,4835,239.52
J9 requests,hobson,41b91ba98aba6669,4150,207.42
J9 requests,hobson,50f424d4ec691758,4182,207.97
J9 requests,hobson,a238c19e7ab13e5c,4270,211.95
J9 requests,hobson,f6dde4e35db778dc,7442,375.78
J9 requests,hobson,1261a55042b4d715,4589,230.88
J9 requests,hobson,a454ee084e3e4939,6515,328.75
J9 requests,hobson,395b57a5068e9771,4244,211.85
J9 requests,hobson,d37b7d16525e32fe,4271,212.02
J9 requests,hobson,29efde059516882b,6376,315.27
J9 requests,hobson,2148a81cbbc09a28,6626,333.5
J9 requests,hobson,76397a2b3d9a3131,6283,315.09
J9 requests,A6,8f2e204ec0b44a2d,1982,59.85
J9 requests,A6,0a6095a3a4327811,1606,47.44
J9 requests,A6,09404db06634f653,2610,49.96
J9 requests,A6,7a66d3a2d1378f46,1795,32.61
J9 requests,A6,c2610f88b79c7ab6,2166,108.64
J9 requests,A6,bd6649b124d7c14c,3013,140.07
J9 requests,A6,14ddbad88b40e665,3005,116.78
J9 requests,A6,9efdeba835f31314,2425,117.64
J9 requests,A6,fcd951fb7abd464c,3247,117.09
J9 requests,A6,a4a4e0602988337b,1242,61.28
J9 requests,A6,9342c5bbb1282a13,2344,86.79
J9 requests,A6,888616da73699dcd,1730,39.99
J9 requests,A6,411c4ea13b46c4a3,3280,138.28
J9 requests,A6,20ea167c7e0d2a5a,2734,123.25
J9 requests,A6,e266911233236926,3769,64.51
J9 requests,A6,35b4bb1446b51598,2608,118.32
J9 requests,A6,7d14ee9c174917b8,3418,68.72
J9 requests,A6,e673445813f7a182,1179,57.56
J9 requests,A6,dd0c2078c57c50a2,1700,17.77
J9 requests,A6,117489fbd3685294,1913,90.84
J9 requests,A6,20f1368911314326,3628,55.55
J9 requests,A6,ac5a92ecc668ecf1,2129,31.74
J9 requests,A6,b2ea663f0244a240,1834,55.5
J9 requests,A6,e77e87b68000595c,2266,109.45
J9 requests,A6,1ef585afeddb3cae,1941,40.58
J9 requests,A6,57027b27e5cfff2e,875,29.8
J9 requests,A6,f8d1f5dafd9563c8,2775,92.44
J9 requests,A6,5d9f22581a78cf82,3117,120.42
J9 requests,A6,3e037a4ddc4d27c4,2855,139.51
J9 requests,A6,2c3a177c771bbc79,2395,91.91
J9 requests,A6,ca5a92c401f61c18,2878,140.2
J9 requests,A6,303c5935a518cb2b,2997,116.55
J9 requests,A6,92e35dbd8c4d4c23,1565,63.48
J9 requests,A6,5091539e7a2426af,2273,91.73
J9 requests,A6,b153de912f0ce02d,3798,169.19
J9 requests,A6,d794ebbe8972e52f,2516,119.0
J9 requests,A6,3af04ddb36801db9,1682,54.13
J9 requests,A6,05fbf3e77a096a89,1285,45.84
J9 requests,A6,ad73cfba50485dbb,1627,18.49
J9 requests,A6,a1c9d7140a7feeb3,4896,153.15
J9 requests,A6,d93702bffd21e932,2062,95.15
J9 requests,A6,52ef03d29758be03,1953,17.9
J9 requests,A6,9b5ee9eba3830afc,1879,93.93
J9 requests,A6,89bacb3efc4ed787,2909,136.92
J9 requests,A6,c0173bd0be2f0448,1503,84.25
J9 requests,A6,52a14fc747a8da4b,3317,60.32
J9 requests,A6,381342054bcaaab7,1738,85.65
J9 requests,A6,52160d23298a21c0,1670,80.88
J9 requests,A6,95f8556387d700e9,2738,138.61
J9 requests,A6,d710e1dab19f00c4,1043,53.02
J9 requests,A6,d7989574ba718267,2882,123.95
J9 requests,A6,aee9472b8922dcfb,3367,59.32
J9 requests,A6,c4f98cabbbc7591f,3206,107.82
J9 requests,A6,aec22b9743b93c11,2790,83.82
J9 requests,A6,03861576747afc1d,229,15.94
J9 requests,A6,8ea92c112f0b6bf8,2259,83.36
J9 requests,A6,ecb17b21f2d2b3cb,4178,121.39
J9 requests,A6,e9b1fcd0a5aa7d34,2697,136.38
J9 requests,A6,fc6c738088deb650,308,22.42
J9 requests,A6,917e86a5e7fa3d09,1841,17.89
J9 requests,A6,5edb613a95a1396d,4750,97.78
J9 requests,A6,21c565c679229036,4531,150.59
J9 requests,A6,8e0d5f5a1a4c05fd,4776,98.16
J9 requests,A6,52abb61a30144283,5186,150.09
J9 requests,A6,084177587d70e18f,7480,225.81
J9 requests,A6,7108754d8cdc17e8,5279,98.73
J9 requests,A6,98834d7cf862d10d,4792,100.27
J9 requests,A6,d885ab4b70124cea,5110,90.12
J9 requests,A6,af96a1d5311b4c6f,4821,71.1
J9 requests,A6,abf90067645a55bf,6236,185.21
J9 requests,A6,4821d8378afcdb60,4759,96.19
J9 requests,A6,7c09cb489b7d1e3b,4556,106.61
J9 requests,A6,c96b7b3e91229eed,4835,95.4
J9 requests,A6,41b91ba98aba6669,4150,154.04
J9 requests,A6,50f424d4ec691758,4182,174.27
J9 requests,A6,a238c19e7ab13e5c,4270,124.67
J9 requests,A6,f6dde4e35db778dc,7442,223.68
J9 requests,A6,1261a55042b4d715,4589,44.31
J9 requests,A6,a454ee084e3e4939,6515,180.9
J9 requests,A6,395b57a5068e9771,4244,158.65
J9 requests,A6,d37b7d16525e32fe,4271,95.02
J9 requests,A6,29efde059516882b,6376,167.27
J9 requests,A6,2148a81cbbc09a28,6626,212.58
J9 requests,A6,76397a2b3d9a3131,6283,184.89
